baryon,history,residual
0.00034850510172827114,0.7779789262596847,0.315225302417373
0.0006683744975035216,0.17245374206926198,0.04589311661645844
2.812939188670981e-09,2.5801318567883914e-05,-0.03116690353775705
4.0521096172160907e-10,4.5195030381743725e-07,-0.0073739403980607856
0.0005243086793801653,0.03125138873544057,-0.10701990981253003
0.26740561015412734,0.8397359160644343,0.4071736014682388
0.278775924960113,0.028977737527156728,-0.188244651992635
4.5276111118533135e-05,0.05780005513515453,-0.012788651276345132
0.0023395193139036713,0.000652962410514902,-0.0678408355144666
1.0118014017919177e-13,4.8231160500498496e-08,-0.004847511356726982
1.2971874163597417,0.5177742554133486,-0.03518999380967691
4.472996729915473e-06,0.10251358847553717,0.048233095173971646
0.013814757886703085,0.0021336622540828873,-0.09147819214966763
4.78103965234135e-13,0.02392404635354042,0.00022690410886749487
1.30190316389936e-05,0.012177187152945027,-0.04674757529373784
2.0318438630782744e-08,3.60925154781814e-06,-0.04688890166620114
1.99291975041279e-06,0.0006416971396898562,-0.037569564549313275
0.001200828836941462,0.003123779601466015,-0.08281640791255179
0.5652283771952982,1.051209464198262,0.42603596921069053
0.0001035494556219748,0.00021725956988736703,-0.04063252521121887
2.6257003467879777e-06,0.034816786706043885,0.004790148814120411
0.0751673803410808,0.2992447878529189,0.09544528269113786
0.00024549727358208506,0.015231981665584824,-0.11403157998810584
5.5476891533178425e-06,0.0003892728443087678,-0.03399028508925116
9.152723747276223e-05,0.0004946386727978115,-0.0695747971804648
5.5035832019705365e-09,0.00046770531984740134,-0.015265142269463489
2.1567505654261816e-09,2.952089992904734e-06,-0.01002596425011182
0.003826923846477605,0.0033796659565728526,-0.06887000640706882
7.57447589769481e-05,0.06985348421307315,-0.008977028475614927
1.0584245743341383e-10,0.0615460200892596,0.004216238131871643
0.13616426409929558,0.7413741187782011,0.3433017233566067
0.5112978028345484,0.4219691843664411,-0.02106043621029341
1.1299306486067925e-08,0.0001785759336095699,-0.028687221837344647
4.594878773088248e-05,0.029411552184819775,-0.05112708568998685
0.001108860539301678,0.41501728740812827,0.25082289779826117
4.25164621801458e-08,0.00011797641829104057,-0.0437927694152323
0.15857495938815452,0.9826804773668907,0.471947236675251
1.3954300384213806e-05,0.0012547944809483235,-0.02782383645606929
0.0120699209939246,0.0016115823862299455,-0.09316020598564854
5.509197507388241e-05,0.0840617029774552,0.010629911797574075
1.225734348278637e-05,0.3271436003557667,0.06685092582974804
1.6647261866042296e-07,6.649535520255429e-05,-0.06042253094727166
0.00046808126596405413,0.08230887069823689,0.01348759282360397
2.729004141995124e-10,0.026824031909792503,-0.009722889955268306
8.906560373042284e-07,0.006025532827267753,-0.034152761824809634
0.08951988233100466,0.7399758328732912,0.38643497146749767
1.260812372622904e-05,0.5378984441055467,0.1779569184271173
0.00027857841323700573,0.0024409219552804333,-0.04408746652794579
0.3049474300179549,0.07930872484905085,-0.15881977523377763
2.2932303296240096e-08,0.08495306624163518,0.01863514653600248
6.4229282968801594e-09,0.00011835265649017613,-0.02736048408199785
0.08848853526174986,1.0358411024242762,0.4150935278472363
0.0011832271836830016,0.005742287545707856,-0.14603915199319592
0.624734015210934,1.0857636776003858,0.44109208573968184
0.008441019815539682,0.018819895751156782,-0.0886712958075822
0.0009541832800541344,0.4441924468662697,0.24598902364174136
6.210973561663587e-07,0.003679642929566564,-0.03442167592821615
0.00030750398601820034,0.3167091991043625,0.16994725315996254
5.070907235880361e-07,9.024895300330565e-06,-0.019932038855729358
3.7271142703294225e-05,0.3618226552360824,0.21809795292364378
0.00040927183319865954,0.8066402351734918,0.3173940339752064
0.00021150297770267793,0.24843434938480113,0.1339112303214666
0.00016199617222813643,0.11306358464891667,0.04441088267686112
0.019411504813119877,0.003729235352790845,-0.1067295872743548
0.014565261217363323,0.4081798860014749,0.16291172246237112
5.792769274835006e-13,0.032611340644531216,0.0002981831682871694
6.949031797696175e-07,0.0004600772553675496,-0.033520087483035615
1.0361646633835009e-10,4.7642067170444554e-06,-0.005327445612936035
0.0003104353550584606,0.22223488042563452,-0.004733736860609697
0.008049136476763032,0.001256252876524907,-0.087062735361407
7.294390880409229e-06,0.12715948212813122,-0.009946414811708479
0.00010840621156479465,0.12447217983502125,0.03780357421806805
1.0957167759175655e-05,0.016263612539531284,-0.04545058020970819
2.12254716326802e-05,0.3653953908749934,0.20657147439719087
8.93469840310983e-05,0.0020307381577334294,-0.05769117877588605
5.11592121442043e-06,5.04372062211685e-05,-0.07214490361632124
1.1546471353911238e-07,1.4837376594458372e-05,-0.041026110738598645
5.874664712842842e-10,9.231300541630706e-06,-0.02608181411088771
9.748639366751789e-07,9.27637130295638e-06,-0.021423062346380514
1.909509242508453e-05,0.000711838115374307,-0.10460022323470669
1.320036712760506e-08,0.09569076933498603,0.020369373694703784
5.9918290123251545e-06,0.22538578683491664,0.14383058852551375
0.5996405817611278,1.1337459515723025,0.47660634330451956
0.1520882849673206,0.23866334915435689,-0.09407217490732778
1.5917127085234104e-10,4.5554482218854703e-07,-0.029676478595798635
0.0002973920424885188,0.0008030505206177872,-0.07994584147987052
0.0043793687596327385,0.007271866015626527,-0.06677257957107366
0.00044707083116662683,0.21140678660213066,0.09096013752077561
7.167323424212562e-05,0.05220269577547964,-0.02860943215768451
0.019342036793685388,0.006613540472896325,-0.1322023025735522
0.895167889684133,0.192994453503111,-0.18081873613157717
0.010790554503466667,0.20036688369889213,-0.05990605737117374
5.36531324789263e-08,7.470343569634333e-06,-0.05880171092044389
7.266619596241752e-06,0.0011458718681626931,-0.08814363553391688
5.513322899511284e-13,1.591634381600328e-07,-0.011349319059024306
0.008656550244439178,0.5134706772327411,0.28437721429497703
0.0049307738296825885,0.17886440687899244,-0.012542373329761547
0.00024085539650480387,0.31572297090542445,0.1931858981613588
0.00836847919079682,0.5319326087439048,0.3081884610125652
9.799645473570859e-12,2.2067185873773022e-07,-0.019002634640058937
2.8253424744159278e-11,0.07468053986047356,0.011585071539524698
7.610896793197891e-05,0.0062489690046738195,-0.055647362643729305
0.3145957743612598,0.8712255225695872,0.3703817200084327
0.0028201999687773524,0.0016030623950478128,-0.12528601887345248
5.713024789771216e-05,0.0002742153712768155,-0.105178838604386
0.532440364993612,1.2416188738530751,0.5492730520920824
1.4952966352323868e-08,1.2547811502477092e-05,-0.013720598350947426
0.016415802804239734,0.07742146955058904,-0.03253336622731447
0.32398767020151376,0.6377573210704481,0.2648881631603003
3.7027028914697455e-07,0.004075033927771504,-0.02677837704537132
0.0026405051461645124,0.9036597409566235,0.43901852212985226
0.002440420089735477,0.028333546961062384,-0.06284179887808876
0.0022466477190414497,0.05053146306603653,-0.025155686092636256
0.021472805710542168,0.5215550554520179,0.2515501952287004
0.5148694951215569,0.12386315604990515,-0.19081837341916558
0.00011849759018211335,0.0023446629395710407,-0.054848356156112124
4.295160208501877e-14,0.026380782321751155,0.0003817704288610838
2.459264072200368e-10,7.020610400321632e-07,-0.02734727669207922
4.983100689815986e-05,0.4838586102143006,0.12763988455586522
0.027903012627415125,0.003219269798941194,-0.10511871155411022
0.005009152685991357,0.2652368396030456,0.09978456155889129
9.047667870118135e-07,0.3766649803608685,0.110277742371914
4.0492465296859293e-10,0.10785177260324952,0.02563326243318445
0.0075550275167108865,0.25271311111830624,0.04339325946036432
0.23146169451642493,0.9412071095349239,0.4297539748103011
0.00036591693595723764,0.0034989767283171683,-0.04514897230465928
2.9127585793644093e-06,0.02413758934600251,-0.015867249180466895
2.7285712610256462e-14,0.023283949268485978,-0.00045995963391075485
5.0965744114697816e-08,0.12527986879273603,0.06430228876638003
1.7163938828516669e-15,0.012001649758712592,-0.0016799894153202198
4.343246929610265e-05,0.013732654499904209,-0.023102505945361753
0.07253163765324264,0.9428885362006003,0.47516507786786927
0.00046041386466504276,0.03132478669494484,-0.07037644505928345
0.005613050964205765,0.4609197875452077,0.2673240581760826
6.974589683709655e-08,0.048492074585672264,-0.016317111502880077
0.17921771799571135,0.4459442233990175,0.060988202943906056
7.11196924480381e-05,0.35568698558682826,0.20970760126063698
4.8156924758074054e-14,2.0017055548699556e-08,-0.004890169751498128
0.00267581666257891,0.1322178327248948,-0.06299940468174577
0.0028731480527916502,0.003432760373633641,-0.08230269993813437
0.014161413843385236,0.0034529991232953253,-0.10163112172154626
0.5091909826930172,0.12788859316436896,-0.18908312780044056
0.0005760231223926001,0.00042924936310669677,-0.05869814495502994
1.0814677129758208,0.7791295621417426,0.16783686263950826
4.841867251962039e-08,0.2664157054636574,0.07661641755052065
2.2198953053721686e-08,1.5326137546667414e-05,-0.02921522263306396
0.0217690965073646,0.48736566070932463,0.21841160932036896
1.683222755481273e-10,0.11311363960718068,0.026390931282404398
2.394520053343602e-13,3.621107097027732e-07,-0.008402110452473691
0.00038880979467089896,0.7179535534240864,0.3148698448547149
2.470756859329707e-12,4.655097346475789e-07,-0.008440557762304806
1.9562345853001125e-05,0.0006653534219656308,-0.030104916190364414
6.608402394147615e-05,0.20361790986673978,0.1099720319408144
0.11861196647861688,0.4792897387946433,0.20950289880359851
3.54712738176332e-16,7.076954078148396e-08,-0.004142306099363489
0.010271796988733189,0.09268828129432918,-0.013238557716072338
0.10750805195241547,0.8960664230371743,0.32341145219673484
0.0018877116642195236,0.0017517183290258888,-0.1009408666254103
0.01465422621099501,0.46413857283945753,0.2152848016539742
0.7812792120346891,1.2380254889959952,0.5089534566396995
4.827032513812718e-10,3.237758762892947e-07,-0.007028657015770454
8.992159642931631e-08,0.09732302216585346,0.0002996525006178641
1.066662742391016e-05,0.011515133913950072,-0.03361744329525504
1.2785175257707196e-06,0.0008443827442476282,-0.0655312145832554
0.0004751324255628941,0.11959506469808992,0.02273984455079915
0.00023878896175207395,0.0003741006987647309,-0.10465010749175571
7.561168240388029e-11,2.091211078851949e-06,-0.01584267863641202
3.98185140763916e-05,6.856385596634495e-05,-0.0359424757789556
0.005303317424921255,0.406923461513879,0.2024848093149464
4.035179339753463e-07,0.3314848263905389,0.10547323908058492
0.6743734196954992,0.7013628396863104,0.23325922766654728
9.465775009702731e-11,1.6778854065731897e-07,-0.005894591575292779
2.0637681065631498e-08,0.21345809061593485,0.06190110833228096
3.615352026839015e-09,0.1835330956902024,0.04910977855379909
1.4204124923373241e-07,0.0021315439315079884,-0.02511870522626443
0.06644815010257213,0.007086595407759906,-0.12384984290283205
9.567742117873009e-10,1.3451477665196233e-06,-0.007534809029911079
0.009220959312648415,0.023871191546272295,-0.16421226971140007
1.1937241967186767e-05,0.00030698412939865477,-0.09906873069569622
4.216047591330216e-06,0.2290202590329408,0.1494660443294367
1.7021878397493287e-05,0.2505090013542611,0.15784314935292731
0.614724788939539,1.0069740283542608,0.3916864817094947
0.00045463612713868886,0.6678936877852062,0.20562239481911104
1.4850299578681936e-06,0.18413924602570408,0.10674872642505993
0.09398470142332702,0.7428888730488794,0.3916610929395655
0.0053734986749340696,0.42663795560215867,0.2201686780641623
8.242148672286057e-05,0.09110041803499115,0.0320700053823438
1.6506040735270436e-10,4.936025970679957e-07,-0.028834730432261094
0.01122191789842565,0.004395120824865945,-0.14693419578096972
0.23566541324622742,0.09294963057938722,-0.17876782709470299
0.00021092145347224365,0.012747907495614231,-0.06451622714511894
0.6270780601252276,0.10106148102949397,-0.19320662729777416
3.2492576138329996e-06,0.19411213554090745,0.11085350529492946
0.0010269749749695863,0.3676444983405901,0.042081974599966515
0.44493217753930614,0.9319436611013588,0.41316595510859044
6.836712727024154e-14,7.238613141699406e-06,-0.0062515999511437445
1.246229503752556e-05,0.01783358963648337,-0.01401334321236812
5.610747343376817e-17,0.007526854501285168,-0.0022914400287208057
0.3228655727719115,0.7468023558089998,0.25275832555577155
0.005060322954922209,0.19264584272066376,0.071647940711787
4.065845994174158e-05,0.27666522851690906,0.17513847533222798
1.6930465207821912e-06,0.1492152811736343,0.08979917906845263
0.1259679351170358,0.041002852400169,-0.14120118344482666
4.667019432233469e-09,3.4846946276477087e-06,-0.031119945271977145
7.286520998420199e-10,1.3431315557282704e-06,-0.027865011503056345
0.004373925900484072,0.28735863917608506,0.1440220933091629
2.5109659951283197e-10,4.014489540054362e-06,-0.01728457081572016
0.00017471685818820637,0.09726330783146808,0.0029539833408414734
4.241968115813803e-06,2.004481886314853e-05,-0.025881932268995295
0.00019175868444903162,0.0006018605507904942,-0.0776580860478481
0.01821882449411138,0.022015090063131435,-0.09988611095134153
2.7453782663875124e-08,4.456034629313301e-05,-0.016130002762304013
0.03654049987790052,0.24710112718864102,0.07711946523117996
0.0012742416592919016,0.014419595779968628,-0.04698617399202437
0.1023039499277704,1.133580284415236,0.4804673604426272
4.564918066409549e-06,0.0010435424530649323,-0.035970664983065226
0.005648356419781046,0.08535695313652591,-0.03063954508529238
0.6436512232097215,0.7262921275390871,0.25631083476902594
7.979740333663616e-07,2.628521939895293e-05,-0.019644584283784856
0.11817928215732242,1.034916763879346,0.4153393441671075
0.0006229682060533489,0.0014924801031858767,-0.05176063821119072
3.374681774768674e-05,0.0019895207071005676,-0.10819730253735402
0.0001378074534735055,0.637259353601048,0.20197853650793868
1.9590062832925455e-07,0.0006325043561694302,-0.046001107727649176
0.0977127233269346,0.009472056233456299,-0.14515743548472193
1.235523186314123e-06,0.0001302392484304643,-0.07943638184400693
1.0273443768794758e-12,2.529886559191997e-07,-0.00875257389322855
1.8215691253181393e-07,0.00010195512606842088,-0.058753799513045386
8.538862487015416e-08,0.0040406578568720625,-0.017801124604059124
0.42105448203593626,0.09223692901508926,-0.19309201850518992
2.968861913822053e-09,0.06491538995676208,0.009824474438608989
0.0007992593594742226,0.6424351274832941,0.1846171401683686
0.005646959841469637,0.39313564014491814,0.18674783245702192
2.999038476750532e-05,0.2812416006678296,0.17979849895761718
0.03499347807262836,0.01268858836417395,-0.13115063334343213
7.774657618588516e-11,3.5393100000587907e-07,-0.025401504902710065
0.28150744519711823,0.46661360566842897,0.028485717810294187
4.30971941081867e-07,0.00037137410212190994,-0.025690581215303987
3.257189953783551e-18,0.003453217146717877,-0.0022978244520269414
2.199040936421353e-05,0.03576210722230853,-0.04657178872606775
0.16977474697051162,0.08892486865465701,-0.16226630890743707
0.05731388317605936,0.22241042384178294,-0.06712412614095314
2.76223501020217e-09,0.09831861335408523,0.021432492136406852
2.509238246325748e-12,0.03935779787351256,0.004443409229041611
8.642536030229128e-05,0.00017775194269556294,-0.03965264962744063
9.511231323163712e-14,1.4292504324245846e-07,-0.008479653615002013
2.072816817485142e-12,4.3357695851881633e-07,-0.007598581304521258
0.17865479168849716,0.23326897699660154,-0.10097644106710346
1.2896467422523406e-09,5.037733855805175e-07,-0.00844067314529715
9.021311396326576e-05,0.00038579629824620816,-0.07330190310459214
3.6004247965376444e-14,1.7276587064673242e-08,-0.00450825944215486
2.2400240233786212e-05,0.26022865007549184,0.16382958583493812
0.7964294891417141,0.780519706717072,0.2600724718739701
1.9340802100828574e-05,0.5641580570118266,0.1881325775823448
1.4149764584131803e-06,4.936818538909006e-05,-0.07966632928187799
5.240407409252929e-10,5.547875096767069e-05,-0.012564803030850296
4.045826845862747e-07,5.318721336924745e-05,-0.03874585198108165
0.00011523806760312764,0.09181134449640938,0.005947910775452245
7.397877726937727e-14,3.215980391639486e-08,-0.006359436286914137
0.01561190528629615,0.2323744666462489,-0.05335296446607185
1.910746958980189e-08,0.00029279849097736443,-0.028230212230059587
8.107808426460416e-05,0.287608162994626,0.17588129849181552
2.2526650632011746e-06,0.0005339490052737432,-0.07768227586790169
4.322057763272054e-10,1.0303628390007646e-05,-0.02394343288373201
2.2167618707549403e-05,0.35086393997006043,0.17413266792167678
0.008405436631488235,0.3070332013366864,0.12069367430506989
4.97775624441564e-06,0.00024023225829069645,-0.04667639510576382
9.313459837965832e-12,5.4333173609187955e-08,-0.004250812935732918
3.0062400107994213e-05,0.04527735764999162,-0.0200558924332295
2.57224337257396e-07,4.8718356402011084e-05,-0.0669136693851391
3.748591418819588e-05,0.15064458102565642,-0.012689428925297785
0.04532126859315071,0.06561978905741467,-0.16349064733259622
3.880586600815953e-05,0.045765224995170405,-0.0240541152628121
2.5859382141066755e-12,0.0001464613898615406,-0.00841950284488879
0.004149359104805828,0.7782082019310204,0.4214465702332136
0.2811803140186717,0.18549369009253946,-0.13263164345959877
0.252800276653117,0.6145413347408581,0.266177952894728
0.16149202379133362,0.018463734005037546,-0.16641635969021654
7.212515782810504e-07,0.08923944938907019,0.046106426956429025
0.3172614269858466,0.8591976796256349,0.34618021822641526
0.00019243424864407333,0.024060323498716323,-0.09193905984217476
2.2560753950362675e-06,0.015080869106155742,-0.009761978273003886
1.169365046706201,0.9993032150636998,0.3067920591240936
1.101847007920254e-10,1.1355305206188246e-06,-0.019362171452268435
0.0002859489228446326,0.0005391440469101394,-0.08786249465654147
1.5979121957879312e-05,0.0016020648815955184,-0.09778782314922825
0.3759040209479368,0.08592081665369757,-0.19584741746910395
0.17278559558303122,0.5880464208930778,0.26947233513769725
6.298652399607177e-11,0.060063302307021046,0.004527881423007585
1.4474957794986936e-07,0.15126338946074502,0.04232466124277593
0.3063912656146484,1.3289301372116218,0.6079558764040003
1.5978921033146365e-10,4.652815827599661e-06,-0.015788642194261925
0.0017373462184834831,0.829632401884023,0.2932698820386918
2.9949085308238614e-12,1.0940204421295857e-07,-0.018688344944317446
1.537863326237065e-05,0.15156672146811456,-0.005772943994821214
0.33500406364314356,0.07222207142063305,-0.19171844589437242
2.448189158746476e-11,0.028555070011168734,-0.005397272054507234
3.878824896759268e-06,9.669902228386318e-05,-0.0875834880952645
0.00019198403407916944,0.6715955030984917,0.2790503797235227
5.830815733152256e-12,4.870894403818219e-07,-0.013555494959291798
2.6418535800172424e-14,1.2573489014363311e-08,-0.0052384948173805805
0.00044922261758750917,0.0979391141059496,-0.02025920158179191
5.113080856220376e-05,0.22797115168294496,0.13187530683045676
8.783370724210096e-08,0.22819999819323272,0.05319535045648655
0.004203280676791396,0.0010574930646319808,-0.07418037510161972
0.5641771495554786,1.1237371036740127,0.4698741603703104
2.9057094285080506e-12,0.018976788520225284,-0.005913384205450444
0.0019541701069954284,0.514261516788099,0.28320570719656113
0.5829838549103602,1.3082272511103359,0.5743636778722743
0.030161294829688667,0.8089137299391965,0.41872045772017585
0.33868913807108364,0.8961592261095127,0.41104069912103824
1.748886049264934e-19,0.0023086271911090233,-0.0021526942348642415
2.2725687006032666e-06,0.00071005811062936,-0.032351254127383024
0.1786936892743078,0.05539452805460452,-0.18622427042385128
0.02349617185101891,0.11547762839663962,-0.12471920074916333
0.4915736259061627,0.1417799158206582,-0.18662294392015932
1.5605903657950592e-11,3.5266374620776306e-06,-0.008382100268039488
1.4468029704779346e-05,0.07895870181473309,0.02079726401558441
0.005333820131900974,0.043360311078631676,-0.149636976204475
0.2734677710887287,0.07832802424740956,-0.1881453584016422
6.384877031099962e-18,0.00453347098728901,-0.002612886503871369
4.0815403098349265e-06,0.1785713641520224,0.013284766745857504
0.0016153096051155474,0.2347151919501957,0.08074709406188425
4.1693681071572463e-13,1.1433611823275228e-07,-0.006479837412127409
4.284381717601526e-06,0.21051065729131832,0.1337459953626149
5.7568451428911805e-05,0.00034027780388847363,-0.036477308681465065
0.3334453462890208,0.07620582393516054,-0.1447485424109688
2.387145888317464e-08,4.805225837571825e-05,-0.04380933808787287
1.4170937390216661e-16,0.007496874681086662,-0.0022289334185988867
3.233848600065915e-08,2.6056877980535746e-05,-0.049421173902224655
0.11548843627037275,1.0907679161446397,0.5439609582651492
6.180989594338803e-11,5.366904840372072e-06,-0.014916177887874508
4.2973918976010866e-14,0.02533784340683155,0.0009729105417832142
0.009250447437677538,0.5117488958081299,0.2956316124158864
0.007098413179714248,0.008427905637666943,-0.09765791864865173
7.897033839495175e-06,0.49435937206271185,0.15420041664383538
0.08639137693237423,0.32251396075096245,0.0764309930279658
0.0001107323088192352,0.22690541573475626,0.13241561561022128
8.676481885706431e-12,3.351263363206739e-08,-0.022839273827029567
0.3779939377405606,0.25285838675739436,-0.045794395328150495
1.0409200599808496e-06,0.013509487452287089,-0.021721337665584907
5.653936734586797e-06,0.1688376841232941,0.007470494296837271
2.161353467601206e-09,1.4137620053357482e-05,-0.011253322111581554
1.82579129580504e-08,1.3444995323421761e-06,-0.011921094382505977
3.4680290535327653e-10,0.07929459523867509,0.008786575111576853
0.003164696849439453,0.020960026155467073,-0.09092359682458326
6.737022185492111e-05,0.05362479015383894,-0.025453418392937098
2.363559405967561e-15,0.011183621592193398,-0.0018665383848800645
2.640977869762738e-09,1.1842530227847607e-05,-0.02135062358948707
8.964990075313829e-08,6.805406894451002e-05,-0.029346863840050356
6.163713730094642e-11,2.783305155010146e-06,-0.014641570644241004
5.2177581433845486e-08,0.001594338348223489,-0.023368159318030688
2.17494619128594e-06,0.38478227829952716,0.10628822311155026
7.836431929994291e-06,0.43577905989945503,0.12084937197392252
2.430792467243413e-05,0.3746880146962468,0.0823139449872692
0.13861209587626896,0.07593310743859048,-0.158966202038285
6.226955384234919e-14,2.519655654945623e-07,-0.007233923780834423
1.7720784777577178e-07,0.3097188876709568,0.09545225591470985
5.342886780396032e-09,0.024084857449654794,-0.01663575663732894
0.6664523246724458,0.4937988463048579,0.02289858704040515
0.29832251181276637,0.11530967322614477,-0.1061619383773986
0.006378091875937625,0.008045447068692755,-0.1585202663670189
0.0002173713440283656,0.0012602565091700433,-0.06980331950047997
0.4370920664804204,0.11154352881701404,-0.1409806444890333
0.41959248065661675,0.08966504249865875,-0.19266951623090522
0.001817824071363502,0.1225846012584381,-0.06110133853667986
8.100985023202846e-09,3.6824161163689223e-06,-0.010163548833756211
0.0002993348217244388,0.12557113091242064,0.01965266889671581
0.4312139102117246,0.15927367097809567,-0.16627580301835154
8.02719615934871e-09,2.40798632598915e-05,-0.038623207825987216
0.11087342996327877,0.5861769807601903,0.204434213513356
0.008052417482431804,0.5801098899511299,0.12911762712409264
4.7507021451063314e-07,0.33049346452529094,0.09106851326298554
0.0004690576060911415,0.018596345371521588,-0.12450700260584581
0.08949479603241463,0.5748038188965355,0.21295795467438677
1.4435346006707867e-09,2.9465060273447254e-05,-0.0260990938073225
0.0009389374067039388,0.25919820848020503,-0.0026631876867404813
1.1567040969259556e-07,0.08475005169852436,-0.005325547142156745
1.2522217738164938e-05,0.0007827352852275253,-0.02788413551147076
7.646421538115716e-14,2.82406113547376e-08,-0.005466107014056933
0.020851605142879884,0.38269132652599613,0.1551977148260385
0.010749091462753976,1.0402880367995415,0.4214081279544203
1.02818909158716,0.6217228340504581,0.0867135911840553
0.46861529703081456,0.7473093364432103,0.207506878409074
0.0023233654980069044,0.12403688727313024,0.029770911363985728
0.010401260056472223,0.0014910095044728463,-0.09109697741248848
0.023938892345108844,0.01054565244947875,-0.1171928768586592
0.012797608877065126,0.17731739738955052,-0.07137656460985696
5.33741049355586e-06,7.304970977650783e-05,-0.029967193303326256
0.02144972004761382,0.5772697547518907,0.3059383368068386
0.13115455494952138,1.1055926767104869,0.548075760808477
0.04768626739204944,0.3413491502151556,0.1396965061984714
0.04173757119649224,0.015752573825600365,-0.13016671674324287
0.6135930208074283,0.08251930207218743,-0.21377023565529574
0.8731144223296081,1.2128936875675351,0.4824098727652697
1.3669615132550683e-07,0.2395281321788221,0.07268360263967666
0.8055930177115852,0.9936127226657394,0.3592671636916023
3.378851967655059e-07,0.0004237092408741791,-0.055474502384636935
0.09511436906775515,0.1830019123607618,-0.10944282326924346
1.323519685944322e-06,0.0037510367471055885,-0.04638449400891302
4.586238368544014e-14,2.392235800886578e-07,-0.0069703692962118915
5.323193681693658e-09,0.1947184409444696,0.05239511273873221
0.22466964792248229,0.031378617295386116,-0.15445680238011616
1.5928505926677197e-05,0.22837911309095718,0.023872671605668055
0.00035361204472744576,0.0016947553829704312,-0.07286137028814482
2.9726165825864872e-06,0.0001247360970717661,-0.02910442130938543
4.4534620119602914e-13,0.026548280584795504,0.0010475592763979288
0.00032658965544930015,0.0002719918537082194,-0.05313840420184103
0.013319491349254347,0.3114269174873292,0.14509771989987358
5.790057904449223e-07,0.00014699560788456053,-0.018077281769255212
2.9548723996251604e-05,0.14267266739475262,-0.013822834679227416
0.06039107241144488,0.05802631570272745,-0.07664726567623303
0.004464193363946634,0.1882525354525597,0.0006366440880894719
0.008119880145541299,0.8178363183118631,0.27321870325673003
1.2614569140459883e-14,0.01471880031805391,-0.0013382205418357475
8.059698759425776e-05,0.0004876895379262662,-0.06805083135497857
9.422552309079005e-07,0.004257448566903442,-0.015531033159775906
0.011678631993968907,0.0055417938487416,-0.10197987508877288
0.024659999023245466,0.2406739030569875,-0.024666446367280048
1.2303543017636151e-08,3.0361794487152183e-06,-0.05075505521709827
0.8129012474244559,1.2350092219132487,0.5036919298046696
0.009647817566755307,0.012879019852850058,-0.09776321032659753
1.1432008608659853e-07,1.7131562108329168e-05,-0.03925079097713148
0.030603592580188715,0.19749291230327895,0.04451342101315933
5.890945353684137e-07,0.1975439584607947,0.06271648889179474
4.8967384949395486e-06,0.0006241899741800305,-0.0878379127503388
5.863453628254534e-09,0.013366658208494277,-0.01944446906581921
0.3301151952579109,0.3387915361043633,0.05068134136586466
2.6943326956188472e-15,0.010763526448543089,-0.0032025026807412397
0.44770453980797853,0.4941549415164652,0.1361862146267655
1.2761734156490659e-08,0.07576431087952756,0.014764952623476924
4.2763746058159556e-15,6.135621343092101e-08,-0.005936578143145906
0.06715090111087145,0.3090956611090269,-0.007418941632303611
0.001996268814600163,0.1232487770886516,-0.037654291566286524
0.004115601768137186,0.830987755442921,0.44093600307617636
0.47776076087169606,0.9989296668035854,0.4185734265135338
5.393833168069278e-07,0.00015398538376085926,-0.024497564552652215
1.4726021464570323e-08,1.776978223098562e-05,-0.026475125416884616
0.26195695385506773,1.3624596323149865,0.6488014649223207
3.259796848250381e-07,0.18812351019283385,0.10480278806774847
0.4533351518161126,0.48555559708860174,0.045421987854005086
0.020410049513713373,0.9484775834706802,0.49941778097280926
4.268387517952907e-05,0.6215066604786291,0.21596445278522336
1.3143193334964822e-07,9.358092400337342e-06,-0.0624406571623574
0.00034184052327912006,0.5880045809034852,0.30062460619432324
4.179217070386788e-11,0.026484872365497625,-0.0012483181005198615
0.061631444439394244,0.10526232187430556,-0.06344800117909966
1.5892301900444402e-05,0.00017454443998810422,-0.06128190020485142
0.01070345547367701,0.031668233065916346,-0.08113951660223852
8.739901338514357e-09,0.16429093667743258,0.0348469197896241
1.2229025487768126e-11,1.2747322963580771e-06,-0.014807714314918492
0.10436880761419912,0.9535929733844664,0.36134126031601654
2.7258799252090274e-10,1.4684404957816697e-05,-0.018506569858639212
0.007694672606722961,0.0043320580887879975,-0.07761786201269492
4.312545893118064e-08,0.000520095750601363,-0.03024978860032503
1.3107138436478435e-16,0.008326623085918758,-0.0021635391038218993
5.469469095521002e-06,0.32761525915336465,0.11958817057229054
1.2567211498985285e-17,0.005681869224335741,-0.0024466284316861935
8.782217589812876e-08,0.009584558127845571,-0.016940447754683934
1.0105741214599634e-06,0.0007009028933012379,-0.02964039629767022
8.974253896816073e-05,0.2882802541211061,0.17937890692421318
1.3513176199289353e-06,0.023214906841282773,-0.011372724150229645
2.1713328769234625e-06,0.10579888637866336,0.059166078666972044
8.130441044764173e-06,0.015267494268276116,-0.04184826384484552
0.14904490426147346,0.7623938833448006,0.391761777183128
0.01261809454359597,0.010366028682966667,-0.10675692188947034
1.0367209651152245,0.38897999690042,-0.06105860988613654
0.04592605705494632,0.8107474960486244,0.4102541273888872
1.1569815835532352e-10,0.07682406376072763,0.015462744001679157
3.7547506085300876e-10,3.679357413060744e-05,-0.012479512095934363
0.6873517140452983,0.5827995063685045,0.08191405696310494
1.0633999104437518e-06,0.00020204313507592305,-0.07521516301254857
0.00017499643520788418,0.202583961187988,0.11119795573254686
3.883097816939233e-11,5.128008678233706e-06,-0.010111620780625255
2.4620670307839777e-05,0.00020935438740241825,-0.03843541918734003
3.539867799429907e-18,0.004377733711623887,-0.0024496183244649894
0.01237602376152716,0.009031462005148903,-0.1094369259520192
0.0012242018770527948,0.2839172484461892,0.13357039812356353
0.021313437448364978,1.2012769882625474,0.5409064349023815
4.044233598732211e-05,0.2513919432798828,0.15648295901447556
1.461433217229322e-05,0.007010838457436672,-0.07331606608397054
0.21653912327716976,0.08935114838573857,-0.17103833841917662
1.6777157523518316e-10,0.030796357576384367,-0.007593840287570356
0.0054386136203671154,0.32712342242789477,0.14181722836899174
1.5162293435429176e-07,4.716888380875115e-05,-0.061428858458322
0.06103589699189721,1.14378997306915,0.48697734064682374
0.05698523697082414,0.7638833065355937,0.2357932802628042
0.31578263076388263,1.0540622308474896,0.47898910036460784
0.46730941752431254,0.939383595795816,0.3453856687017912
0.0950408533192255,0.033382023716299135,-0.18142888897079984
8.283629803586952e-07,0.08841585991565101,0.03679971939715895
3.712155356847633e-09,1.394929839113894e-06,-0.04495595357802063
2.2320960841758903e-10,2.560067351627647e-06,-0.018370410299082644
0.12298969335773102,0.011012668244930541,-0.15192406632978273
1.2362272803701898e-11,3.675115536972236e-06,-0.007857173603187984
9.812515267096858e-11,2.0277925927864396e-05,-0.009878993294085515
1.0862924092426372e-08,1.0498540627198415e-05,-0.04442692238346307
9.390136295654898e-13,1.3283063836244782e-07,-0.013242768289725631
1.371673613693077e-06,0.23180960917735616,0.14256360469020024
5.02740162576997e-07,0.045726325390751575,0.012781440318697324
9.783671241991499e-08,0.005592196803199527,-0.026980792212642088
0.00181983994943815,0.24805996527072105,0.10152007299176224
6.643561292956594e-08,1.7657187860394064e-05,-0.058135145999133324
3.3896669188202925e-08,0.025435973000924157,-0.02111341283868777
1.1547552623876403e-08,9.83324853860542e-06,-0.028424478627227273
2.936138907516637e-06,0.007224193165024237,-0.0449925093198459
0.0007177911496231561,0.0018024291042787288,-0.05262678272776048
6.583948726943989e-11,0.06531657896574132,0.011757605987061985
0.00015747534370912048,0.2212564504544569,0.0017136546596008967
4.3077440189709844e-14,1.35101078567839e-07,-0.007510638316996368
4.025304442934564e-08,5.011203873046639e-06,-0.0562374327924646
3.742483246878381e-10,0.062263655397217794,0.009628694097373904
2.1389626009011357e-05,0.25953278781312733,0.034241674569756714
0.9013718518248819,0.24680174644139455,-0.1648965841003157
0.1128834438426285,0.7602659330113203,0.38516388075046915
1.036551838780839e-07,7.5675453290104934e-06,-0.059592499346311986
9.587040438355723e-18,0.005355505054019821,-0.0024164618043154354
9.665769293204334e-09,7.873183430282846e-05,-0.03406614357391414
2.2829838574240555e-14,0.01818060650677105,-0.0005955660094793432
6.245143350384946e-10,1.0414616686182705e-06,-0.02971335849807096
0.061592174793548206,0.01974742233352873,-0.1748909823136977
0.000141976392613306,0.31785182137485823,0.1952232954241585
1.7871706853437601e-09,0.12947079124311284,0.032813397822321747
0.13474936597709272,0.08975792138722036,-0.08105958229715343
1.2991082306963448e-11,6.118257731631606e-08,-0.02514878232549439
1.479576064077439e-08,0.011632368508983863,-0.021905617485944957
7.862602749368286e-11,1.1485638291057653e-06,-0.005235455140442418
0.003404413818150503,0.4341867294186592,0.2410424560789115
1.789061908767286e-09,0.11240429524721643,0.026765083812433834
0.0003294498563327768,0.07241092184157905,-0.04103783708708643
0.004927252031157141,0.37701145999340296,0.20856155070384788
0.20500768036726832,0.5313053535599694,0.11768273693082948
1.2017696237294881e-14,0.019196824016236954,-0.0003555340565358743
0.17816346308305922,0.33736036283891135,-0.01587812266406219
1.5973753814386387e-08,4.675593768783413e-05,-0.04072457370692555
8.380890966599381e-11,0.099405875664225,0.02227932424820475
3.1885116292386353e-12,5.894580478732014e-07,-0.011729059037297098
0.00020666921046141342,0.000983577248196139,-0.0717676796002264
0.0966812544293542,0.16048698949812118,-0.03856024611556094
0.40835427840504385,0.726510229038257,0.3061940655597809
5.6853826501040506e-06,0.2367443711262329,0.15410676237483023
0.4363550851137609,0.0910857835357512,-0.15695054470020847
1.552752625811864e-14,0.02194564783404456,-0.0004905794509948679
0.0027295016853918596,0.8066543143731408,0.27345643238124323
1.8747277626410378e-10,9.348206897100111e-07,-0.007099131544678474
0.0003411188656062501,0.0006867256510972052,-0.04799131661968441
0.007785999376533817,0.8377061513633047,0.28612040774440206
1.4196076691410146e-06,0.0072090692979904164,-0.03305013496206249
0.002547623601806565,0.1961679182345742,0.02844376422396752
2.427806782725834e-05,0.06963730367863677,-0.03775849858113164
0.4831347177587162,1.008089908185946,0.39412561132195567
0.5173733759469482,1.003307801665821,0.4216102653858047
1.0122978672842261e-08,1.4935714997810838e-05,-0.025596860091169592
2.566688827049984e-11,0.08322378310525426,0.015741471702340817
0.0002833955662962832,0.3433596662284614,0.21207256524196808
0.0010610678533708384,0.02201710009183668,-0.07907799996004346
0.0006199997029884955,0.1178632538269694,0.0189512812252354
0.08801914237850449,0.6076283821762531,0.24674247352551693
0.016782216039382375,1.1948480434345665,0.5691513829593673
0.0026233539892820466,0.8332441142566102,0.42750698173330703
3.00377378250386e-07,0.00462248525228213,-0.02381174992936039
3.149730761898397e-10,9.371667024273798e-06,-0.006197791828627577
0.2118600343038886,0.3372099080443247,0.048425321992220716
0.2454284278978654,0.6247552603278245,0.13677478248217012
0.08621778053649559,0.7339716881298977,0.38902617584481003
0.2067451787357564,0.4985900871534908,0.19646830864581888
0.3238994956803964,0.468927960995625,0.1458448219463795
0.00914426991256403,0.6356278258400668,0.3371171193892983
2.337433661438303e-06,3.3242797124349456e-05,-0.07033994282404706
4.357034548002006e-08,0.21358306983747863,0.04992396949117296
2.2269834046715816e-05,0.0003295585521339016,-0.05746191905526875
0.0001445597905469449,0.31397010735539554,0.19528101645666263
1.2892965960257314,0.9029197740389043,0.22666758481332083
7.644450445059585e-09,0.0012564755316463593,-0.013829081980996184
0.10682043636968173,0.04028366368572531,-0.1823473864596915
0.0042906124786896305,0.09285787883323572,-0.09859507751222386
5.324444644046297e-05,0.006206906456692684,-0.03013518363349686
3.1036534311956644e-05,0.11001340589538909,0.040197256989346175
1.0701056359912244,0.932283184191691,0.27465853997131284
0.33259987189864443,0.20340282456998643,-0.13700383462167137
0.00015512385722184148,0.0006264051783692617,-0.051448513823441705
4.046865903166085e-10,6.782611058475459e-07,-0.0322710405355366
0.7294625123372083,0.43976594794560114,-0.028055373607196232
2.5841932478079502e-05,0.0013016902026126659,-0.030686581594042778
5.679660140519138e-13,5.525327383944836e-08,-0.0026958974806615995
7.670868850123379e-05,0.00392317316731816,-0.11558563107388442
0.3989461831247539,0.21409475188153038,-0.05575085274192687
0.0006028210097083725,0.7402600534925187,0.24747327006681083
3.015692210336395e-05,0.00015452653978149467,-0.07402035335159304
0.015737939159491444,0.011759446032767473,-0.1097454991365707
0.6185642504634797,0.3395553730877195,-0.08464792750590588
0.003064748948372694,0.008228583587715138,-0.08526706289787662
1.1472106062286818e-05,0.25257558504519406,0.1619558502084771
1.8239923158760043e-13,5.748998619210737e-08,-0.006150762392151096
0.0014963726073731073,0.34423482371253883,0.19852154243071174
0.034234035630248544,0.0035300607871335864,-0.11038999107956324
6.9235069156938806e-06,0.0001229837997796898,-0.032000986211456556
4.1114858149790864e-12,6.85813576077745e-07,-0.012325730674317744
0.10898154520655004,0.4017137229662837,0.003879836646728363
0.02784358901040906,0.08120399627325048,-0.0399985409474372
0.016110159272793367,0.14612104853498717,-0.08642617359181662
0.00010520331612578999,0.0011176486631929465,-0.11969047753692805
0.03990345781830249,0.542693775500415,0.09722726206816723
0.0001943610313442534,0.23125118603099545,0.003561121754339633
3.549725898704648e-11,1.479306738812292e-07,-0.028393402411174412
0.0873903272148919,0.036746547195197966,-0.18079320251107883
0.21409100346547225,0.021018117351857782,-0.17596215634678897
0.00017197601298074103,0.2878521908574118,0.1686210163093279
6.77499198806588e-13,3.158913157391501e-05,-0.007668002465269423
0.013565588789693004,0.5031459927313999,0.24488216647327532
0.14756812644053122,0.601574121494972,0.2866024836787671
0.07252303950525438,0.0178231341919054,-0.15160980401747157
0.053041895673475545,0.023736921581324635,-0.17657720259855794
0.2930561498144236,1.1183179569602566,0.47014554665672603
7.120212238859782e-07,0.001403090328941335,-0.03024348534163246
5.067852966110959e-12,8.131374971333506e-07,-0.011951315548381315
0.0001285633504281216,0.4811076249832492,0.2637474416279978
0.22089133480244172,0.670886593212874,0.21916456697094877
1.3932854514330112e-06,0.0018249139970483714,-0.033543106840520115
0.006085083780335473,0.023103995888079314,-0.05827382334740431
8.397731737935854e-09,0.00024259936375461015,-0.02029962314284677
0.003032050134976141,0.08812793285481557,-0.00020157480033322628
1.4925452124927396e-06,0.0862119987485139,-0.015915155381667365
0.005430601043147595,0.5033051086439038,0.2944657149553098
0.48422673188851484,0.33130296770269774,-0.06438621989205201
5.303853912175294e-06,2.361304933302404e-05,-0.026668724530639273
0.149280943128186,0.03196961703759868,-0.17922822401967653
0.00010403680734228189,0.6429555765357897,0.2540435663123577
2.512973748908342e-13,0.027129211966786877,0.0013679531835666583
0.024493548484968895,0.39226751910912194,0.12264783457706113
1.3456782584624173e-05,0.5442943528786928,0.18342956296692714
0.0011222883306450898,0.05829590920110143,-0.07402410746642993
0.00380707353668317,0.16749680361319122,-0.014350407099080614
5.3594484967976435e-12,1.1449706001377812e-07,-0.021436500584132948
0.011193811309956668,0.17272953721449058,-0.05368152674391269
6.401247713865291e-11,0.020469855243488103,-0.00935018478665603
5.933564202419946e-07,0.3666857157669841,0.11619811505140265
1.2712516305823367e-08,0.00023544570754502206,-0.02138449956347871
0.06036144579087726,0.6361979204607714,0.30264533230918533
0.25840758167947486,0.40488356809459514,0.11568331448511193
2.0912988546581646e-06,0.4268798131399269,0.13075152014991664
9.503450192881264e-05,0.06944469007776566,-0.014043749414711877
4.848414476118032e-12,0.06260834182843143,0.010812454172794632
0.002742236707554671,0.2754463270966304,0.10260406839303356
3.849887173449676e-07,9.314113577775674e-05,-0.035194189664963724
9.856947303787175e-08,0.0007849401678736996,-0.03523571372378175
9.55552241539474e-09,0.06737425621916611,0.012467553498232205
2.0224104905125047e-09,0.00013706506564769964,-0.014997615963225085
1.1403429755409942e-12,0.019966360258162664,-0.0046508113567912766
2.955636241813231e-11,3.2966500826908035e-07,-0.02142746431534221
2.3743505524710536e-12,0.048420133869608986,0.004714416206360168
0.21828541678524116,0.8307767804663824,0.39077941226794066
0.28645573501557636,0.026380858740333815,-0.18476859237965548
3.916534620631598e-15,4.079577409453799e-09,-0.0031667614300477523
0.0009308684274013061,0.013615965946984547,-0.1436508643995241
2.0672743821240332e-09,1.0319677767899438e-06,-0.008496693232997723
0.06368018851231065,0.6896047066375224,0.3740141547460781
8.864137590290994e-05,0.01790950006957918,-0.05844257367420781
0.00012434265998183166,0.19512067750095807,0.08975843118413054
1.1431825538698055e-11,4.7244054734525506e-07,-0.017409068107482568
4.534107590337066e-08,7.590540333003349e-06,-0.014979116854396676
0.0008913539868129479,0.28513427202820507,0.13641883905529073
0.0002560991100160507,0.2618469029166442,0.012909513899698716
0.5362063172418936,0.4475159836523183,-0.006204759500401669
8.708158943034313e-05,0.45073629985402514,0.2580044158412995
1.8858703320068753e-06,0.09289745114882808,0.037053809149929534
8.586214404065733e-12,8.96357413522614e-08,-0.024588790719099994
9.78902592883479e-15,7.286248875326932e-08,-0.006586136697475563
0.03422712009033495,0.015995984135673668,-0.12347864954088655
0.000257067771384464,0.0032551269331947243,-0.13145650911014037
3.2391960658271576e-06,0.004479482527703162,-0.0341930733311818
0.008910103353612558,0.004216857910256437,-0.08005665206923276
2.158648521048329e-14,1.0887359493975806e-08,-0.005186329935976498
1.743836938208604e-06,3.174839612075368e-05,-0.06327008328957014
0.6389811896412433,1.2925633609550542,0.5585684539893762
6.96388854190857e-14,0.015241540991895107,-0.0016506582163584565
0.0900577311857062,0.1903897604189561,-0.09869245205267069
0.012977954335688937,0.8241106758185582,0.2754538613931974
0.22294973666734347,0.3223079092145419,-0.056529507606663976
0.00016844995110772975,0.0024026227254153503,-0.06230451408358953
3.1189735975614514e-12,1.0587520853731612e-07,-0.019169827359399334
6.412144713488966e-06,0.042313958778429334,-0.006815620363083412
0.0006339228462316869,0.2508083447810944,0.1155356538118759
8.587903779388336e-09,4.537957373392493e-06,-0.046150110713637935
0.08529552041168892,0.5140476266224211,0.2469038122532733
1.2659821577421413e-13,2.56441902816962e-07,-0.008018759148040558
0.023008472797038354,1.072184414331764,0.5538504721735726
1.902903604264147e-08,3.28398403100362e-06,-0.0520846020987836
1.1672058497710119e-09,0.0001453089146827428,-0.007114571934255876
1.249455319908799e-09,1.9746948400629213e-06,-0.02766787740780926
3.4576338409052517e-06,0.20494868310553838,0.11864598001520144
0.0032774112846044342,0.007262072843649813,-0.08762819471994404
5.864064378201538e-10,1.0668250767673697e-06,-0.028894651219801556
1.6794265142548294e-06,0.025829325470672047,-0.03514606747928256
1.1332333935676499e-05,0.0014581762688749857,-0.040758975383011604
4.623924137929427e-15,0.013553041145921586,-0.0014565903431060208
5.841003551732753e-06,0.03168764652564663,-0.0141588306240432
0.05545942709713977,0.6103569309021462,0.28294033269701735
2.7527626040972707e-06,6.959434818511045e-05,-0.02768327835343874
2.772201936820911e-07,0.13713129997941476,0.04681650994407021
0.004137488223016121,0.39578511875927214,0.03837959686815745
4.661510953297824e-06,0.07916661226242427,0.02276142107190588
9.823065767503814e-06,0.03022862049970402,-0.021425214173608015
0.019375328547886806,1.0240247057687546,0.40623912149294084
5.078678461978534e-05,0.24835924452835859,0.14827474185468695
0.7225902044232038,1.0709224919649787,0.4196187970317342
0.003492025728002913,0.608538964160044,0.33443356009700126
0.07596725869308411,0.017057801244238998,-0.16322908371662437
2.366844683490838e-06,0.3016857242542994,0.18956965458238495
1.3880004539430652e-10,4.279241977417005e-06,-0.005568747824723947
2.0665119119004974e-11,8.758987561850796e-08,-0.02287735800553969
3.244969405708536e-06,0.0009498328567018423,-0.07743122314228948
0.020017784679234988,0.06631609016980687,-0.11320409673197077
0.004426886873256775,0.456024831581131,0.23326107092601053
0.00027969508188801107,0.17616947122128182,0.06912891598670798
6.21189955107992e-13,0.04237240921562225,0.005262109949641167
5.324616139876424e-06,0.005061485368548914,-0.0359323098274716
0.620414556615391,0.9570924594368251,0.3663038628515336
0.0007671727527611977,0.23703182195408778,0.10254918222527068
2.9421435965253844e-06,0.007663008804429783,-0.043493780156182514
1.1643520315959597,0.7287523527942668,0.13543284963913105
0.024546115125856707,0.5531722319659518,0.3077636132866168
8.061059526936487e-10,0.00015580342620753225,-0.01183826672746108
0.007515663363856931,0.008686439231028773,-0.0995379005246172
0.10517305028447668,1.3533445947474116,0.6498777064852727
2.686558470884674e-06,0.0004012623207503945,-0.08268613068436112
0.043071761381170325,0.5929568054453523,0.27671365672316317
1.0637211381466956e-06,0.00010707131203759157,-0.02566169430252285
1.7657281873035126e-08,7.795546628767228e-06,-0.04980763781850459
9.486498768594462e-10,1.2652891099866063e-05,-0.007248616144455787
6.198444026695523e-20,0.0017549949177819574,-0.0019999252188015086
0.00858902419239403,1.123470313269492,0.520927812067038
6.568723616464454e-09,4.1809448022168385e-06,-0.031735600697171996
3.4980298704096276e-06,4.1037150801589715e-05,-0.07131133188963651
0.331467600890819,0.03284169600992828,-0.18615162860217743
4.913327689346948e-06,0.00017670944788937304,-0.031590715131034064
1.2308670363039358e-15,3.463490006944823e-08,-0.005371210957542757
2.8296879812126694e-11,0.05728786190600814,0.00473294282433415
2.325029471514807e-11,2.2157906432875254e-07,-0.021436386919815455
1.6147958516535835e-12,3.6071336899879065e-07,-0.007306533072090009
0.00044127095248545163,0.2849625842981473,0.15404646614985495
0.00831214296620751,0.021425702031248415,-0.0859040780819923
0.0006822914850978651,0.0005742222305287502,-0.05435771552787752
3.35928143080959e-05,0.0005461936145794171,-0.042675909703859885
0.08846732866480048,0.014271644414691118,-0.14722091759071
5.364421261749223e-06,0.00035291066305331343,-0.04511556345768909
8.541481280246993e-09,0.19410399878378046,0.054677526786457056
0.00011806979242616864,0.4966432887846968,0.12554536865850388
4.880242314012625e-19,0.0029135665743921855,-0.002296747979492116
2.9477940225399006e-08,0.0005522671438462235,-0.02268163199102115
3.1377499948489625e-05,0.05333032736491495,0.008736539250035792
0.08434301239510045,1.298676335257524,0.6454006913899526
9.605618788735756e-06,0.018725238000830344,-0.012242557449649583
2.7896867396076403e-15,3.6990592109771693e-06,-0.0045243775085929685
6.255041390386567e-05,0.004261751764159079,-0.11062135138413139
2.7996684669257664e-09,0.013720029274980785,-0.01777021669542522
5.48582619328113e-08,1.4240282994184733e-05,-0.015969792619040905
0.017095880818204384,0.005364306861441029,-0.14307412166862024
1.410719020923246e-07,3.6054802984774536e-05,-0.03450998824102535
8.842449650081939e-10,0.06437047256811938,0.00986713445382727
9.964366443510026e-17,3.021432312577234e-08,-0.003774491765104616
0.001172589510457504,0.0037341036400564505,-0.1430673938576942
3.569995613290687e-05,0.014976044535435284,-0.0713005718509551
0.2579077860708564,0.761410186453801,0.36394070526354166
1.8867327401005073e-07,0.014630977065468512,-0.009709021222278905
6.95020013548636e-07,0.00047673290504510803,-0.06294921952437378
0.5322880890024223,0.5454613089763514,0.1546549220207073
0.0007615277909724176,0.001017700078921966,-0.1259163967600473
1.9361394751267688e-07,0.01835579138379177,-0.0006925222455143355
1.0391504691329035e-09,0.00012893097487303717,-0.016435163284638496
1.0385117953559465e-07,0.2917080204711558,0.08807439144098253
0.07730981284375713,1.3207921145088366,0.6494982240522031
0.03932180463685425,1.1604329054155071,0.49962327036572696
7.534731935619017e-07,0.0023634981739394673,-0.04622235761492266
4.373242575352565e-06,0.03049187783147109,-0.03867168267967091
0.19321479256710264,0.019442782971606738,-0.17209409007468046
0.0166884547025856,1.1756224793205705,0.5721689103260592
1.5055404275321565e-05,0.0001484352355505281,-0.035453295023802046
7.905384507903053e-09,2.6026271948372426e-05,-0.03817316588488389
2.3354802655718142e-11,1.1221669458824296e-05,-0.011707652619148782
0.0001369765471605011,0.16231216776594176,-0.0193420887990237
2.0693848114363385e-06,5.7852563059401195e-05,-0.05262756246695088
6.729701271769891e-07,0.06122648748098447,0.02885928148876104
8.543703597078976e-09,0.00017166700748249736,-0.025698564220035726
6.751143412892342e-07,0.2223766309895174,0.07082036288291199
0.0004460560291354288,0.009413597018462082,-0.06145844995241305
5.6869184964443804e-11,3.894268225504131e-07,-0.023742254688061067
3.8415843147518246e-11,7.08830685474875e-06,-0.009335700006868237
1.0547435662020854e-09,7.220638590624289e-06,-0.019858160414319155
0.2784266264292555,0.22443105534792346,-0.020485891173700144
0.0010001369746453713,0.04805951316489863,-0.07506366104666119
0.06599403196901994,0.4664166970527323,0.13127336037134257
0.00020577897734764644,0.09780619668792614,-0.04562851732336474
0.14880536210766146,0.06276819260211489,-0.10601557388914098
0.07312574419230834,0.6342075078365136,0.3358520269193608
0.0108264183443207,0.006714469708735015,-0.10207743029901901
1.0189355685514954e-08,0.0002176943000289025,-0.024067114087568054
2.116670086390194e-12,0.028631719212998532,0.0010797714302207377
0.0006179507029273316,0.12393255918233884,-0.047990554217163243
1.7907789855136698e-06,0.0007889798912976532,-0.0707318056915907
