radius_over_M,J_over_Jcrit,redshift_proxy,entropy_correction_proxy
1.02,1.12,100.0,0.0189345622730525
1.0418808777429467,1.12,100.0,0.018532094648779765
1.0637617554858934,1.12,100.0,0.01814150961918364
1.0856426332288402,1.12,100.0,0.01776233276080535
1.107523510971787,1.12,100.0,0.017394115934079614
1.1294043887147336,1.12,100.0,0.017036435292935543
1.1512852664576803,1.12,100.0,0.016688889486023217
1.173166144200627,1.12,100.0,0.016351098027707546
1.1950470219435738,1.12,100.0,0.016022699819810783
1.2169278996865205,1.12,100.0,0.015703351807512065
1.2388087774294672,1.12,100.0,0.015392727754893545
1.2606896551724138,1.12,100.0,0.015090517127412469
1.2825705329153605,1.12,100.0,0.014796424070121366
1.3044514106583072,1.12,100.0,0.014510166471792858
1.3263322884012538,1.12,100.0,0.014231475106261712
1.3482131661442007,1.12,100.0,0.01396009284330165
1.3700940438871474,1.12,100.0,0.013695773922229301
1.391974921630094,1.12,100.0,0.013438283282191587
1.413855799373041,1.12,100.0,0.013187395943760942
1.4357366771159876,1.12,100.0,0.012942896437048643
1.4576175548589343,1.12,100.0,0.01270457827206082
1.479498432601881,1.12,100.0,0.012472243447474848
1.5013793103448276,1.12,100.0,0.012245701994412973
1.5232601880877743,1.12,100.0,0.012024771552142747
1.545141065830721,1.12,100.0,0.011809276972946108
1.5670219435736676,1.12,100.0,0.011599049953675578
1.5889028213166145,1.12,100.0,0.011393928691761705
1.6107836990595612,1.12,100.0,0.011193757563654408
1.6326645768025079,1.12,100.0,0.01099838682387534
1.6545454545454548,1.12,100.0,0.010807672323032152
1.6764263322884014,1.12,100.0,0.010621475243300305
1.698307210031348,1.12,100.0,0.01043966185001695
1.7201880877742948,1.12,100.0,0.010262103258155504
1.7420689655172414,1.12,100.0,0.010088675212560986
1.763949843260188,1.12,100.0,0.009919257880926244
1.7858307210031348,1.12,100.0,0.00975373565857905
1.8077115987460817,1.12,100.0,0.009591996984231212
1.8295924764890283,1.12,100.0,0.009433934165913722
1.851473354231975,1.12,100.0,0.009279443216387812
1.873354231974922,1.12,100.0,0.00912842369738149
1.8952351097178686,1.12,100.0,0.008980778572054742
1.9171159874608152,1.12,100.0,0.008836414065145511
1.938996865203762,1.12,100.0,0.008695239530292677
1.9608777429467086,1.098315268251063,100.0,0.008557167324072348
1.9827586206896552,1.0759136847525639,100.0,0.008422112686320303
2.004639498432602,1.054447133392259,20.786560106979753,0.008289993626346482
2.026520376175549,1.033853664089453,8.741493670072815,0.008160730814677563
2.0484012539184953,1.0140723633247763,6.505477962710814,0.008034247479991296
2.0702821316614424,0.9950434137692803,5.427405923457702,0.007910469310931137
2.0921630094043886,0.9767081941689036,4.764523089681574,0.007789324362512866
2.1140438871473357,0.9590094154090434,4.305474224898387,0.007670742966855565
2.1359247648902824,0.9418912880301554,3.9640915907962295,0.007554657647988709
2.157805642633229,0.9252997158640341,3.6978126017073962,0.007441003040504504
2.1796865203761757,0.9091825099357771,3.482886082555873,0.0073297158118408165
2.2015673981191224,0.8934896163503319,3.3048811631180954,0.007220734587994705
2.223448275862069,0.8781733515746613,3.1544599036840864,0.007113999882480219
2.2453291536050157,0.8631886383529833,3.0252789629182284,0.007009454028356555
2.267210031347963,0.8484932354654928,2.9128592386446788,0.006907041113164109
2.289090909090909,0.8340479546680546,2.813936565331687,0.006806706916616692
2.310971786833856,0.8198168584342695,2.7260688936457966,0.00670839885090769
2.3328526645768024,0.805767432559666,2.64738824729712,0.006612065903497248
2.3547335423197495,0.7918707282728935,2.576438363558494,0.006517658582255603
2.376614420062696,0.7781014692182354,2.5120651100300178,0.006425128862845629
2.398495297805643,0.7644381195101773,2.4533405386565237,0.006334430138234582
2.4203761755485895,0.7508629099929975,2.3995090226106375,0.006245517170231826
2.442257053291536,0.7373618208416362,2.3499482708203625,0.006158346042955286
2.464137931034483,0.7239245196872681,2.304140597493205,0.006072874118135171
2.4860188087774295,0.7105442555132355,2.261651405381334,0.005989059992168756
2.5078996865203766,0.6972177096148342,2.222112836600643,0.005906863454844939
2.529780564263323,0.6839448059209281,2.185211186360275,0.005826245449661853
2.55166144200627,0.6707284839088827,2.150677097714562,0.005747168035665078
2.573542319749216,0.657574438181722,2.118277839586749,0.005669594350738053
2.5954231974921633,0.6444908294956879,2.0878111647413964,0.005593488576279831
2.61730407523511,0.631487972609635,2.0591003796196,0.005518815903209025
2.6391849529780567,0.618578006761292,2.031990353438927,0.005445542499235808
2.6610658307210033,0.6057745548509149,2.0063442623183545,0.005373635477347019
2.68294670846395,0.5930923775266486,1.9820409137522246,0.005303062865452245
2.7048275862068967,0.580547028319624,1.95897253312,0.005233793577141336
2.7267084639498433,0.5681545157769401,1.9370429208900801,0.005165797383506463
2.7485893416927905,0.5559309781981769,1.9161659093864514,0.005099044885983991
2.7704702194357367,0.5438923761110128,1.8962640632761874,0.005033507490173831
2.792351097178684,0.5320542070421582,1.8772675796054135,0.004969157380595882
2.81423197492163,0.5204312464721759,1.8591133521930439,0.004905967496345212
2.836112852664577,0.5090373181294617,1.841744172158789,0.004843911507609376
2.857993730407524,0.4978850960034211,1.8251080418066887,0.0047829637930131294
2.8798746081504705,0.4869859396633189,1.8091575833699542,0.0047230994177573345
2.901755485893417,0.47634976368047444,1.7938495275168966,0.004664294112520409
2.923636363636364,0.46598494118889433,1.7791442692228925,0.004606524253092196
2.9455172413793105,0.4558982409025541,1.7650054807823772,0.004549766840711447
2.967398119122257,0.44609479625318393,1.7513997734836706,0.00449399948307943
2.9892789968652043,0.43657810473439285,1.7382964008870772,0.004439200376023419
3.0111598746081505,0.4273500550468314,1.7256669978016,0.004385348285785021
3.0330407523510976,0.41841097924197956,1.71348535000108,0.004332422531909307
3.0549216300940443,0.4097597267628637,1.7017271904981655,0.004280402970711902
3.076802507836991,0.4013937570789958,1.6903700188367754,0.0042292699793020465
3.0986833855799376,0.39330924750766766,1.6793929403965655,0.004179004440140718
3.1205642633228843,0.3855012127991591,1.6687765231465912,0.004129587726113681
3.142445141065831,0.37796363313202025,1.6585026696563925,0.004081001686100282
3.1643260188087776,0.3706895873069976,1.6485545024840187,0.004033228631019567
3.1862068965517243,0.3636713881337472,1.6389162613226786,0.003986251320336061
3.208087774294671,0.3569007172616341,1.6295732105092307,0.003940052949008361
3.2299686520376176,0.3503687570026581,1.6205115556855207,0.003894617134864265
3.2518495297805647,0.3440663170189282,1.61171836856328,0.003849927906386966
3.2737304075235114,0.3379839540875316,1.6031815188795264,0.0038059696908973695
3.295611285266458,0.33211208350131466,1.5948896127459438,0.0037627273031182375
3.3174921630094047,0.32644108100519653,1.586831936695694,0.003720185934106459
3.3393730407523514,0.3209613744955938,1.5789984068171137,0.0036783311405402513
3.361253918495298,0.3156635250181438,1.5713795224379163,0.003637148834348672
3.3831347962382448,0.3105382968804076,1.5639663238876524,0.0035966252726712736
3.4050156739811914,0.3055767169473083,1.5567503539217584,0.0035567470481362488
3.426896551724138,0.3007701234048385,1.5497236224388207,0.003517501079445869
3.4487774294670848,0.29611020446051783,1.5428785741647275,0.0034788746022584253
3.4706583072100314,0.2915890275968674,1.5362080590140725,0.0034408551603563402
3.4925391849529785,0.28719906010757396,1.5297053048712759,0.003403430597090484
3.514420062695925,0.2829331817266711,1.523363892562005,0.003366589047091158
3.536300940438872,0.2787846902113963,1.5171777328101776,0.003330318928236484
3.5581818181818186,0.27474730076231096,1.5111410449975582,0.0032946089338694307
3.5800626959247652,0.27081514016314356,1.5052483375621157,0.0032594480252548866
3.601943573667712,0.26698273650116244,1.4994943898882216,0.0032248254242686278
3.6238244514106586,0.2632450052903519,1.493874235556739,0.0031907306063102877
3.6457053291536052,0.25959723276779595,1.4883831468363091,0.003157153293432739
3.667586206896552,0.25603505707189744,1.4830166203089195,0.0031240834476805607
3.6894670846394986,0.25255444794254395,1.4777703635333082,0.003091511264630593
3.7113479623824457,0.24915168551092445,1.4726402826590745,0.0030594271671277678
3.7332288401253924,0.24582333867293688,1.4676224709126906,0.0030278217992097097
3.755109717868339,0.24256624346713326,1.4627131978840306,0.00299668602021381
3.7769905956112857,0.2393774818077035,1.4579088995486889,0.0029660108990607246
3.7988714733542324,0.23625436085648432,1.4532061689672964,0.0029357877087084526
3.820752351097179,0.233194393256453,1.4486017476084077,0.0029060079207713727
3.8426332288401257,0.23019527839333068,1.4440925172463124,0.0028766632002988225
3.8645141065830724,0.22725488480221573,1.4396754923894475,0.002847745400707978
3.886394984326019,0.22437123379276488,1.435347813198979,0.002819246558866009
3.9082758620689657,0.22154248432931237,1.4311067388606233,0.0027911588903166604
3.9301567398119124,0.21876691917123608,1.426949641375943,0.002763474784646523
3.9520376175548595,0.2160429322535387,1.4228739997422273,0.0027361868009865577
3.973918495297806,0.2133690172675272,1.4188773944926356,0.002709287663644431
3.995799373040753,0.21074375738618678,1.414957502570655,0.0026827702578635093
4.0176802507837,0.20816581606777199,1.4111120925150347,0.002656627625704426
4.039561128526646,0.20563392886375537,1.4073390199333051,0.0026308529620453387
4.061442006269592,0.2031468961530102,1.4036362232437385,0.002605439610697037
4.0833228840125395,0.20070357672245265,1.4000017196672196,0.0025803810606293224
4.105203761755487,0.1983028821148189,1.3964336014519423,0.0025556709423050976
4.127084639498433,0.1959437716663699,1.3929300323151825,0.0025313030241187664
4.148965517241379,0.19362524816069424,1.3894892440876156,0.0025072712089356905
4.170846394984327,0.19134635402905814,1.386109533546743,0.002483569530729488
4.192727272727273,0.18910616803264257,1.3827892594270221,0.002460192151314168
4.2146081504702195,0.18690380236724163,1.3795268395952098,0.0024371333571680956
4.236489028213167,0.18473840013638507,1.3763207483802848,0.002414387556346948
4.258369905956114,0.18260913314420135,1.3731695140481004,0.0023919492754829416
4.28025078369906,0.18051519996455026,1.3700717164116192,0.0023698131568675824
4.302131661442006,0.17845582424791717,1.3670259845682586,0.0023479739556154467
4.324012539184953,0.17643025323221584,1.3640309947564635,0.0023264265369064554
4.3458934169279,0.17443775642794077,1.361085468324189,0.002305165873304255
4.367774294670847,0.17247762445203502,1.3581881698024878,0.0022841870421483755
4.389655172413793,0.17054916798837383,1.355337905077858,0.0022634852230178997
4.411536050156741,0.1686517168559265,1.352533519657463,0.002243055695264526
4.433416927899687,0.16678461916844858,1.3497738970217137,0.002222893835612866
4.455297805642633,0.16494724057200852,1.3470579570590928,0.002202995115825951
4.4771786833855804,0.1631389635487856,1.3443846545784326,0.0021833551004340453
4.499059561128528,0.16135918677741504,1.3417529778941828,0.0021639694445247763
4.520940438871474,0.15960732454173285,1.3391619474804928,0.0021448338915928265
4.54282131661442,0.1578828061811193,1.3366106146902057,0.0021259442714473427
4.564702194357367,0.1561850755767759,1.3340980605351216,0.002107296498175405
4.586583072100314,0.15451359066922754,1.3316233945241054,0.002088886568159836
4.6084639498432605,0.1528678230031414,1.3291857535558507,0.0020707105581497837
4.630344827586207,0.15124725729622276,1.3267843008632958,0.002052764623382497
4.652225705329155,0.14965139102949698,1.3244182250068885,0.002035044995754796
4.674106583072101,0.14807973405674418,1.3220867389140611,0.0020175479820427767
4.695987460815047,0.14653180823122425,1.3197890789624438,0.002000269962168339
4.717868338557994,0.14500714704813877,1.3175245041044972,0.0019832073875111697
4.739749216300941,0.14350529530152334,1.3152922950313781,0.00196635677926486
4.761630094043888,0.1420258087544665,1.3130917533739928,0.0019497147268358718
4.783510971786834,0.14056825382171798,1.3109222009393073,0.0019332778862841255
4.805391849529781,0.13913220726388117,1.3087829789801013,0.0019170429788039835
4.827272727272728,0.1377172558924934,1.3066734474964594,0.0019010067892445014
4.849153605015674,0.1363229962853843,1.3045929845673894,0.0018851661646677865
4.8710344827586205,0.13494903451177687,1.3025409857110533,0.0018695180129443883
4.8929153605015685,0.13359498586665092,1.3005168632721857,0.0018540593013846689
4.914796238244515,0.13226047461393836,1.2985200458353483,0.0018387870554051264
4.936677115987461,0.13094513373815747,1.2965499776627525,0.0018236983572286548
4.958557993730408,0.12964860470412842,1.294606118155451,0.0018087903446178315
4.980438871473355,0.128370537224437,1.2926879413367631,0.0017940602096402543
5.002319749216301,0.1271105890343378,1.290794935356868,0.0017795051974650276
5.024200626959248,0.1258684256738092,1.2889266020175494,0.0017651226051895663
5.046081504702196,0.12464372027648668,1.2870824563161432,0.0017509097806958176
5.067962382445142,0.12343615336522001,1.2852620260077743,0.0017368641215351106
5.089843260188088,0.12224541265400808,1.2834648511850337,0.0017229830738408215
5.111724137931034,0.12107119285608328,1.2816904838742857,0.001709264131268086
5.133605015673982,0.11991319549792244,1.2799384876478328,0.0016957048339598293
5.1554858934169285,0.11877112873897523,1.2782084372512186,0.0016823027675383498
5.177366771159875,0.11764470719690763,1.2764999182449739,0.001669055562121775
5.199247648902821,0.11653365177816849,1.2748125266601575,0.001655960891364711
5.221128526645769,0.11543768951369364,1.2731458686670678,0.0016430164715224179
5.243009404388715,0.11435655339957106,1.2714995602565464,0.0016302200605378585
5.264890282131661,0.11328998224249497,1.2698732269333017,0.0016175694571510038
5.286771159874609,0.11223772050984748,1.2682665034207397,0.001605062500029802
5.308652037617556,0.11119951818424917,1.2666790333767852,0.0015926970669222092
5.330532915360502,0.11017513062242709,1.2651104691202246,0.0015804710738287107
5.352413793103448,0.10916431841825625,1.2635604713671131,0.0015683824741948018
5.374294670846396,0.10816684726983292,1.2620287089768123,0.001556429258122866
5.396175548589342,0.10718248785044693,1.2605148587072526,0.001544609451602942
5.418056426332289,0.10621101568332111,1.2590186049790264,0.0015329211157618877
5.439937304075235,0.10525221101999552,1.257539639647941,0.0015213623461304174
5.461818181818183,0.10430585872223444,1.2560776617856775,0.001509931271927583
5.483699059561129,0.10337174814734172,1.2546323774682206,0.0014986260553621878
5.505579937304075,0.10244967303677172,1.2532034995717343,0.0014874448909507128
5.527460815047023,0.10153943140792954,1.251790747575582,0.001476386004851335
5.5493416927899695,0.10064082544905725,1.2503938473721967,0.001465447654213565
5.571222570532916,0.09975366141710439,1.2490125310835245,0.001454628126543155
5.593103448275862,0.09887774953848946,1.2476465368837766,0.0014439257390818207
5.61498432601881,0.09801290391265739,1.2462956088282346,0.0014333388382014249
5.636865203761756,0.09715894241834526,1.244959496687874,0.001422865798812256
5.658746081504702,0.09631568662246848,1.243637955789567,0.0014125050237849882
5.680626959247649,0.09548296169154617,1.2423307468616507,0.001402254943386018
5.702507836990597,0.09466059630558393,1.2410376358846498,0.0013921140147258068
5.724388714733543,0.09384842257433823,1.2397583939469532,0.001382080721219906
5.746269592476489,0.09304627595588584,1.2384927971052486,0.0013721535720623195
5.768150470219437,0.09225399517742841,1.2372406262495401,0.0013623311017109123
5.790031347962383,0.09147142215826148,1.236001666972566,0.001352611869384556
5.8119122257053295,0.09069840193484066,1.2347757094434515,0.0013429944585716669
5.833793103448276,0.08993478258788117,1.2335625482854407,0.0013334774765499267
5.855673981191224,0.08918041517142744,1.232361982457546,0.0013240595539168308
5.87755485893417,0.08843515364383316,1.2311738151399767,0.0013147393441308274
5.899435736677116,0.08769885480059186,1.2299978536232004,0.001305515523062759
5.921316614420062,0.08697137820896413,1.2288339092005034,0.0012963867885573833
5.94319749216301,0.08625258614434485,1.2276817970639278,0.0012873518600046748
5.965078369905957,0.08554234352831937,1.2265413362034503,0.0012784094779206936
5.986959247648903,0.08484051786835677,1.225412349309296,0.0012695584035377677
6.008840125391851,0.08414697919909177,1.2242946626772657,0.0012607974184037712
6.030721003134797,0.08346160002514819,1.2231881061169723,0.0012521253239902595
6.052601880877743,0.08278425526545663,1.2220925128628821,0.0012435409413092424
6.0744827586206895,0.08211482219902382,1.2210077194880564,0.0012350431105383928
6.0963636363636375,0.08145318041210961,1.219933565820506,0.001226630690654472
6.118244514106584,0.08079921174677082,1.2188698948620569,0.0012183025590747777
6.14012539184953,0.0801528002507309,1.2178165527096467,0.0012100576113064142
6.162006269592478,0.07951383212853794,1.2167733884789642,0.001201894760603183
6.183887147335424,0.07888219569397265,1.2157402542303486,0.0011938129376299462
6.20576802507837,0.07825778132366998,1.214717004896873,0.0011858110901342195
6.227648902821317,0.07764048141191997,1.2137034982145374,0.0011778881826248805
6.249529780564265,0.07703019032661296,1.2126995946544983,0.0011700431960577765
6.271410658307211,0.07642680436629724,1.2117051573572621,0.001162275127528099
6.293291536050157,0.07583022171831617,1.2107200520687842,0.0011545829899693267
6.315172413793103,0.07524034241799527,1.209744147078399,0.0011469658118586105
6.337053291536051,0.0746570683088481,1.2087773131585295,0.0011394226369284275
6.358934169278998,0.07408030300377359,1.2078194235061106,0.0011319525238843724
6.380815047021944,0.073509951847215,1.2068703536856704,0.0011245545461289015
6.402695924764892,0.07294592187825513,1.205929981574017,0.0011172277914909437
6.424576802507838,0.0723881217946209,1.2049981873064752,0.0011099713619612042
6.446457680250784,0.07183646191757108,1.2040748532246262,0.0011027843734330019
6.4683385579937305,0.07129085415764422,1.203159863825495,0.0010956659554485892
6.4902194357366785,0.07075121198124151,1.2022531057121464,0.0010886152509507398
6.512100313479625,0.0702174503780221,1.2013544675456378,0.0010816314160395257
6.533981191222571,0.0696894858290882,1.2004638399982892,0.0010747136197341715
6.555862068965517,0.06916723627593879,1.1995811157082252,0.0010678610437398132
6.577742946708465,0.06865062109017007,1.198706189235153,0.0010610728822191278
6.599623824451411,0.06813956104390313,1.197838957017331,0.0010543483415686357
6.621504702194358,0.06763397828091829,1.1969793173296972,0.0010476866401996393
6.643385579937306,0.06713379628847743,1.1961271702431164,0.0010410870083236415
6.665266457680252,0.0666389398698158,1.1952824175847125,0.001034548687742165
6.687147335423198,0.06614933511728455,1.1944449628992533,0.0010280709316408641
6.709028213166144,0.06566490938612761,1.1936147114115536,0.0010216530043878334
6.730909090909092,0.0651855912688748,1.1927915699898675,0.0010152941813360082
6.7527899686520385,0.06471131057033577,1.1919754471102357,0.001008993748629587
6.774670846394985,0.06424199828317785,1.191166252821764,0.0010027510030143482
6.796551724137931,0.06377758656407306,1.190363898712799,0.0009965652516518012
6.818432601880879,0.06331800871039897,1.1895682978779798,0.0009904358119370799
6.840313479623825,0.06286319913747866,1.1887793648861333,0.0009843620113204824
6.862194357366771,0.06241309335634585,1.1879970157489927,0.0009783431871325928
6.884075235109719,0.061967627952021355,1.1872211678907119,0.0009723786864128758
6.905956112852666,0.06152674056228784,1.1864517401181527,0.0009664678657417056
6.927836990595612,0.06109036985694908,1.1856886525919244,0.0009606100910757212
6.949717868338558,0.0606584555175623,1.1849318267981468,0.0009548047375864343
6.971598746081506,0.06023093821763031,1.1841811855209259,0.0009490511895020468
6.993479623824452,0.05980775960324254,1.183436652815511,0.000943348839952374
7.0153605015673985,0.059388862274152604,1.1826981539821202,0.0009376970908168185
7.037241379310345,0.05897418976528161,1.181965615540412,0.0009320953525753217
7.059122257053293,0.05856368652863663,1.181238965204586,0.0009265430441622453
7.081003134796239,0.058157297915633274,1.1805181318590932,0.0009210395928230848
7.102884012539185,0.057754970159812125,1.1798030455349389,0.0009155844339739971
7.124764890282133,0.05735665035993958,1.179093637386561,0.0009101770110640302
7.1466457680250794,0.05696228646348308,1.1783898396692702,0.0009048167754400414
7.168526645768026,0.05657182725045092,1.1776915857172314,0.0008995031862142138
7.190407523510972,0.056185222317588435,1.1769988099219746,0.0008942357101341308
7.21228840125392,0.05580242206292074,1.1763114477114196,0.0008890138214553503
7.234169278996866,0.055423377670634114,1.1756294355294004,0.0008838370018164228
7.256050156739812,0.0550480410962869,1.1749527108156737,0.0008787047401163021
7.277931034482759,0.05467636505234253,1.1742812119864015,0.000873616532394077
7.299811912225707,0.054308302994016136,1.1736148784150908,0.0008685718817110357
7.321692789968653,0.05394380910542738,1.1729536504139821,0.0008635702980349227
7.343573667711599,0.053582838286051614,1.1722974692158687,0.000858611298126414
7.365454545454547,0.053225346137462555,1.1716462769563427,0.0008536944054277411
7.387335423197493,0.05287128895035916,1.1710000166564487,0.000848819149953399
7.4092163009404395,0.052520623691869335,1.1703586322057389,0.0008439850681829249
7.431097178683386,0.052173307993124814,1.169722068345717,0.0008391917029556794
7.452978056426334,0.05182930013709932,1.1690902706536612,0.0008344386033675944
7.47485893416928,0.051488559046705074,1.1684631855268155,0.0008297253246698709
7.496739811912226,0.05115104427314012,1.16784076016694,0.0008250514281695278
7.518620689655172,0.05081671598448137,1.1672229425652099,0.0008204164811318354
7.54050156739812,0.05048553495451717,1.1666096814874558,0.0008158200566845258
7.562382445141067,0.05015746255181375,1.1660009264597346,0.000811261733723806
7.584263322884013,0.04983246072900963,1.1653966277542223,0.0008067410968220802
7.606144200626961,0.04951049201233337,1.1647967363754226,0.0008022577361373733
7.628025078369907,0.04919151949133863,1.1642012040466792,0.0007978112473244427
7.649905956112853,0.04887550680885173,1.163609983196988,0.0007934012314474774
7.6717868338557995,0.048562418151126774,1.1630230269480988,0.000789027294894431
7.6936677115987475,0.04825221823820343,1.1624402891019008,0.0007846890492928921
7.715548589341694,0.04794487231446249,1.1618617241280818,0.0007803861114274928
7.73742946708464,0.04764034613937486,1.1612872871520585,0.000776118103158823
7.759310344827586,0.047338605978439204,1.1607169339431669,0.0007718846513437979
7.781191222570534,0.04703961859430411,1.160150620903108,0.0007676853877574719
7.80307210031348,0.04674335123807051,1.1595883050546445,0.0007635199490162674
7.824952978056427,0.04644977164076989,1.1590299440305356,0.0007593879765025696
7.846833855799375,0.04615884800501464,1.1584754960627133,0.0007552891162906853
7.868714733542321,0.04587054899681647,1.1579249199716855,0.0007512230190741152
7.890595611285267,0.04558484373756894,1.157378175156166,0.000747189340094146
7.912476489028213,0.04530170179619039,1.1568352215829218,0.0007431877390696789
7.934357366771161,0.04502109318142395,1.1562960197768382,0.0007392178801283442
7.9562382445141075,0.04474298833429053,1.1557605308111867,0.0007352794317388048
7.978119122257054,0.04446735812069171,1.1552287162981014,0.0007313720666442786
8.0,0.04419417382415922,1.1547005383792517,0.0007274954617972181
