T_over_Tc,pair_flux,phase_stiffness,dissipative_constraint,vortex_constraint,transport_index,resistance_proxy
0.03,0.9934,0.9991,0.020000000027048714,0.060000002513400916,12.39083531238086,0.009987347778246015
0.03275574112734864,0.9927937369519833,0.9989270614231981,0.020000000028977886,0.06000000291506409,12.381129760327521,0.009995098595292873
0.03551148225469729,0.9921874739039666,0.9987389346280743,0.020000000031044653,0.06000000337891125,12.371238682306984,0.010003009959867637
0.038267223382045926,0.9915812108559499,0.9985356196146286,0.020000000033258823,0.06000000391424314,12.361162421779731,0.010011082330785744
0.04102296450939457,0.9909749478079332,0.9983171163828609,0.020000000035630915,0.0600000045317,12.350901322005223,0.010019316181951737
0.043778705636743215,0.9903686847599165,0.9980834249327714,0.020000000038172188,0.0600000052434465,12.340455726014481,0.010027712002468893
0.04653444676409186,0.9897624217118998,0.9978345452643599,0.020000000040894708,0.060000006063381135,12.329825976579103,0.010036270296755526
0.049290187891440504,0.9891561586638831,0.9975704773776265,0.020000000043811406,0.06000000700737295,12.319012416176296,0.010044991584668402
0.05204592901878914,0.9885498956158664,0.9972912212725712,0.02000000004693613,0.060000008093529136,12.30801538694942,0.010053876401633743
0.05480167014613779,0.9879436325678497,0.9969967769491939,0.020000000050283715,0.060000009342497156,12.296835230663495,0.01006292529878641
0.05755741127348643,0.987337369519833,0.9966871444074947,0.020000000053870058,0.060000010777805736,12.285472288655143,0.010072138843117757
0.060313152400835075,0.9867311064718163,0.9963623236474737,0.020000000057712186,0.0600000124262494,12.27392690177615,0.010081517617633
0.06306889352818372,0.9861248434237996,0.9960223146691306,0.02000000006182834,0.060000014318321776,12.26219941033007,0.01009106222151866
0.06582463465553237,0.9855185803757829,0.9956671174724657,0.02000000006623807,0.06000001648870347,12.250290154000934,0.010100773270321058
0.06858037578288101,0.9849123173277662,0.9952967320574788,0.020000000070962313,0.06000001897681112,12.238199471773202,0.01011065139613668
0.07133611691022965,0.9843060542797495,0.99491115842417,0.020000000076023493,0.0600000218274147,12.22592770184192,0.010120697247815521
0.07409185803757828,0.9836997912317328,0.9945103965725394,0.020000000081445653,0.06000002509133113,12.213475181511988,0.010130911491178457
0.07684759916492694,0.9830935281837161,0.9940944465025867,0.02000000008725453,0.06000002882620306,12.200842247085287,0.01014129480924997
0.07960334029227559,0.9824872651356994,0.9936633082143121,0.020000000093477712,0.06000003309737258,12.1880292337343,0.010151847902507574
0.08235908141962422,0.9818810020876827,0.9932169817077157,0.02000000010014474,0.060000037978860804,12.175036475360724,0.010162571489149516
0.08511482254697286,0.981274739039666,0.9927554669827974,0.020000000107287277,0.06000004355446526,12.16186430443741,0.01017346630538242
0.0878705636743215,0.9806684759916493,0.9922787640395571,0.020000000114939236,0.060000049918988406,12.148513051831795,0.010184533105730802
0.09062630480167015,0.9800622129436326,0.9917868728779948,0.02000000012313695,0.0600000571796119,12.134983046608829,0.010195772663370494
0.09338204592901879,0.9794559498956159,0.9912797934981106,0.020000000131919337,0.06000006545743274,12.121274615811155,0.010207185770488325
0.09613778705636744,0.9788496868475992,0.9907575258999045,0.020000000141328106,0.06000007488917919,12.107388084214154,0.01021877323867054
0.09889352818371608,0.9782434237995825,0.9902200700833765,0.02000000015140793,0.06000008562912585,12.093323774053138,0.010230535899322811
0.10164926931106473,0.9776371607515657,0.9896674260485266,0.020000000162206665,0.06000009785122974,12.079082004719798,0.010242474604124882
0.10440501043841337,0.977030897703549,0.9890995937953548,0.02000000017377559,0.060000111751510744,12.06466309242472,0.010254590225523247
0.107160751565762,0.9764246346555323,0.988516573323861,0.02000000018616964,0.06000012755070268,12.050067349822411,0.010266883657265623
0.10991649269311066,0.9758183716075156,0.9879183646340454,0.020000000199447657,0.0600001454972033,12.03529508559509,0.010279355814981267
0.1126722338204593,0.9752121085594989,0.9873049677259077,0.020000000213672688,0.060000165870354595,12.020346603990976,0.010292007636811686
0.11542797494780795,0.9746058455114822,0.9866763825994482,0.020000000228912282,0.06000018898408756,12.005222204312595,0.010304840084096678
0.11818371607515658,0.9739995824634655,0.9860326092546667,0.020000000245238795,0.0600002151909688,11.9899221803501,0.010317854142121096
0.12093945720250522,0.9733933194154488,0.9853736476915634,0.02000000026272975,0.06000024488668986,11.974446819754206,0.0103310508209283
0.12369519832985387,0.9727870563674321,0.9846994979101381,0.020000000281468196,0.06000027851504398,11.958796403342879,0.010344431156206821
0.1264509394572025,0.9721807933194154,0.9840101599103909,0.02000000030154311,0.06000031657343873,11.942971204335395,0.01035799621025728
0.12920668058455115,0.9715745302713987,0.9833056336923218,0.02000000032304981,0.060000359618997814,11.926971487506846,0.010371747073047412
0.1319624217118998,0.970968267223382,0.9825859192559308,0.020000000346090414,0.060000408275309426,11.910797508255605,0.010385684863363635
0.13471816283924842,0.9703620041753653,0.9818510166012178,0.02000000037077432,0.060000463239884186,11.894449511575617,0.010399810730068442
0.1374739039665971,0.9697557411273486,0.9811009257281829,0.020000000397218737,0.060000525292390576,11.87792773092476,0.010414125853473703
0.14022964509394573,0.9691494780793319,0.980335646636826,0.020000000425549228,0.06000059530374192,11.861232386979804,0.010428631446840862
0.14298538622129436,0.9685432150313152,0.9795551793271473,0.020000000455900308,0.06000067424611499,11.844363686267698,0.010443328758020022
0.14574112734864303,0.9679369519832985,0.9787595237991467,0.020000000488416093,0.06000076320398716,11.82732181966225,0.01045821907124086
0.14849686847599164,0.9673306889352818,0.9779486800528241,0.02000000052325097,0.06000086338628572,11.810106960734272,0.010473303709069546
0.1512526096033403,0.9667244258872651,0.9771226480881795,0.02000000056057035,0.06000097613975108,11.792719263942494,0.010488584034546961
0.15400835073068894,0.9661181628392485,0.9762814279052131,0.020000000600551425,0.060001102963623126,11.775158862651587,0.010504061453524794
0.15676409185803758,0.9655118997912318,0.9754250195039248,0.020000000643384037,0.06000124552576879,11.757425866962567,0.010519737417217567
0.15951983298538625,0.9649056367432151,0.9745534228843145,0.02000000068927156,0.06000140568037815,11.73952036133996,0.010535613424989959
0.16227557411273488,0.9642993736951984,0.9736666380463823,0.020000000738431882,0.06000158548736547,11.721442402018921,0.010551691027400511
0.16503131524008352,0.9636931106471817,0.9727646649901281,0.020000000791098423,0.060001787233622435,11.703192014174356,0.010567971829524394
0.16778705636743216,0.963086847599165,0.9718475037155522,0.02000000084752125,0.06000201345628112,11.684769188832984,0.010584457494579725
0.1705427974947808,0.9624805845511483,0.9709151542226542,0.02000000090796828,0.060002266968155714,11.666173879507973,0.0106011497478838
0.17329853862212946,0.9618743215031316,0.9699676165114343,0.020000000972726518,0.060002550885544174,11.64740599853453,0.010618050381167659
0.1760542797494781,0.9612680584551148,0.9690048905818925,0.020000001042103453,0.06000286865858321,11.62846541308347,0.010635161257279507
0.17881002087682674,0.9606617954070982,0.9680269764340288,0.0200000011164285,0.060003224104363435,11.609351940828445,0.01065248431530979
0.18156576200417537,0.9600555323590814,0.9670338740678431,0.020000001196054565,0.06000362144302518,11.590065345241094,0.01067002157617308
0.184321503131524,0.9594492693110647,0.9660255834833356,0.020000001281359734,0.06000406533706997,11.570605330486908,0.010687775148684506
0.18707724425887268,0.958843006263048,0.9650021046805061,0.020000001372749047,0.06000456093413759,11.550971535893124,0.010705747236171079
0.18983298538622131,0.9582367432150313,0.9639634376593547,0.020000001470656444,0.06000511391351436,11.531163529958473,0.010723940143661088
0.19258872651356995,0.9576304801670146,0.9629095824198813,0.020000001575546805,0.06000573053665439,11.51118080387309,0.010742356285697613
0.1953444676409186,0.9570242171189979,0.9618405389620861,0.02000000168791817,0.060006417702012496,11.491022764515328,0.010760998194825382
0.19810020876826723,0.9564179540709812,0.960756307285969,0.0200000018083041,0.0600071830045046,11.470688726890735,0.010779868530803299
0.2008559498956159,0.9558116910229645,0.9596568873915299,0.020000001937276215,0.06000803479992945,11.450177905976833,0.010798970090598466
0.20361169102296453,0.9552054279749478,0.9585422792787688,0.020000002075446895,0.06000898227470377,11.429489407936005,0.01081830581922087
0.20636743215031317,0.9545991649269311,0.9574124829476859,0.020000002223472202,0.0600100355212815,11.408622220657154,0.01083787882146168
0.2091231732776618,0.9539929018789144,0.9562674983982811,0.020000002382054995,0.06001120561964732,11.38757520358551,0.010857692374601787
0.21187891440501044,0.9533866388308977,0.9551073256305542,0.020000002551948247,0.060012504725293604,11.366347076798567,0.01087774994216121
0.2146346555323591,0.952780375782881,0.9539319646445056,0.02000000273395865,0.06001394616410997,11.344936409284967,0.010898055188763899
0.21739039665970775,0.9521741127348643,0.9527414154401349,0.020000002928950423,0.06001554453463422,11.323341606381865,0.010918611996196802
0.22014613778705638,0.9515678496868476,0.9515356780174424,0.02000000313784943,0.060017315818133375,11.301560896325517,0.010939424480746147
0.22290187891440502,0.9509615866388309,0.9503147523764279,0.020000003361647554,0.060019277497003365,11.27959231586883,0.01096049701189842
0.22565762004175366,0.9503553235908142,0.9490786385170915,0.020000003601407444,0.060021448681995625,11.257433694919165,0.010981834232497826
0.22841336116910232,0.9497490605427975,0.9478273364394332,0.02000000385826752,0.06002385024879809,11.235082640149122,0.011003441080456713
0.23116910229645096,0.9491427974947808,0.946560846143453,0.020000004133447404,0.06002650498451718,11.212536517533064,0.011025322812119927
0.2339248434237996,0.9485365344467641,0.9452791676291509,0.020000004428253705,0.06002943774462558,11.189792433762277,0.011047485027388726
0.23668058455114824,0.9479302713987474,0.9439823008965268,0.02000000474408622,0.060032675620958355,11.166847216492219,0.011069933696714584
0.23943632567849688,0.9473240083507307,0.9426702459455808,0.02000000508244459,0.060036248121356266,11.143697393376275,0.011092675190077854
0.24219206680584554,0.946717745302714,0.9413430027763129,0.0200000054449354,0.060040187361571136,11.120339169841907,0.011115716308070886
0.24494780793319418,0.9461114822546973,0.9400005713887231,0.02000000583327983,0.06004452827006176,11.096768405566992,0.011139064315209795
0.24770354906054282,0.9455052192066806,0.9386429517828112,0.02000000624932181,0.06004930880632161,11.072980589616694,0.01116272697560362
0.2504592901878915,0.9448989561586638,0.9372701439585776,0.0200000066950368,0.06005457019339047,11.048970814204464,0.011186712591113871
0.2532150313152401,0.9442926931106472,0.935882147916022,0.02000000717254113,0.06006035716521031,11.024733747044584,0.011211030042141882
0.25597077244258876,0.9436864300626304,0.9344789636551445,0.020000007684102088,0.06006671822949237,11.000263602268522,0.01123568883118523
0.25872651356993737,0.9430801670146138,0.933060591175945,0.02000000823214867,0.06007370594676585,10.975554109882927,0.01126069912930845
0.26148225469728603,0.942473903966597,0.9316270304784237,0.020000008819283103,0.06008137722627919,10.95059848375374,0.01128607182567664
0.2642379958246347,0.9418676409185803,0.9301782815625803,0.020000009448293218,0.06008979363942225,10.925389388108622,0.011311818580303886
0.2669937369519833,0.9412613778705636,0.9287143444284152,0.02000001012216568,0.06009902175133163,10.899918902558776,0.011337951880171084
0.269749478079332,0.9406551148225469,0.927235219075928,0.020000010844100163,0.060109133471330914,10.874178485651495,0.01136448509887019
0.2725052192066806,0.9400488517745302,0.925740905505119,0.020000011617524554,0.06012020642284304,10.848158936976299,0.011391432559933766
0.27526096033402925,0.9394425887265135,0.924231403715988,0.020000012446111225,0.06013232433339322,10.821850357860786,0.011418809604009905
0.2780167014613779,0.9388363256784968,0.9227067137085351,0.02000001333379447,0.06014557744529583,10.795242110707061,0.011446632660043334
0.2807724425887266,0.9382300626304801,0.9211668354827602,0.02000001428478918,0.060160062947589764,10.768322777036207,0.011474919320623425
0.28352818371607513,0.9376237995824634,0.9196117690386636,0.020000015303610858,0.060175885429750525,10.74108011432683,0.011503688421658938
0.2862839248434238,0.9370175365344467,0.9180415143762448,0.020000016395097076,0.06019315735766608,10.713501011754174,0.011532960126537754
0.28903966597077246,0.93641127348643,0.9164560714955042,0.02000001756443042,0.0602119995723149,10.685571444959152,0.011562756014927046
0.29179540709812113,0.9358050104384134,0.9148554403964417,0.020000018817163116,0.060232541811529275,10.65727643000152,0.011593099176365893
0.2945511482254698,0.9351987473903967,0.9132396210790573,0.02000002015924338,0.060254923255164516,10.62859997667896,0.011624014308797436
0.29730688935281835,0.93459248434238,0.911608613543351,0.020000021597043675,0.06027929309392376,10.599525041423796,0.011655527822181756
0.300062630480167,0.9339862212943633,0.9099624177893227,0.02000002313739095,0.06030581112201008,10.570033480021545,0.011687667947323545
0.3028183716075157,0.9333799582463466,0.9083010338169726,0.020000024787599085,0.060334648353690006,10.540106000430901,0.0117204648500399
0.30557411273486434,0.9327736951983299,0.9066244616263004,0.020000026555503585,0.06036598766375717,10.509722116022685,0.01175395075078362
0.308329853862213,0.9321674321503132,0.9049327012173064,0.020000028449498802,0.06040002445177968,10.478860099596108,0.011788160049825736
0.31108559498956156,0.9315611691022965,0.9032257525899905,0.0200000304785778,0.06043696732990043,10.447496938574197,0.011823129458087831
0.31384133611691023,0.9309549060542798,0.9015036157443526,0.020000032652375037,0.06047703883383586,10.415608291826532,0.011858898133699582
0.3165970772442589,0.9303486430062631,0.8997662906803927,0.020000034981212132,0.060520476156584645,10.383168448616198,0.011895507824340314
0.31935281837160756,0.9297423799582464,0.8980137773981111,0.02000003747614685,0.0605675319042142,10.350150290219116,0.011933003015404496
0.3221085594989562,0.9291361169102297,0.8962460758975074,0.02000004014902563,0.06061847487293881,10.316525254817241,0.01197143108401052
0.3248643006263048,0.928529853862213,0.8944631861785819,0.020000043012539822,0.06067359084653922,10.282263306322386,0.012010842458849178
0.32762004175365345,0.9279235908141963,0.8926651082413344,0.020000046080285945,0.06073318341299883,10.247332907843987,0.01205129078584335
0.3303757828810021,0.9273173277661795,0.890851842085765,0.020000049366830256,0.060797574799047495,10.21170100057149,0.012092833099563301
0.3331315240083508,0.9267110647181628,0.8890233877118736,0.020000052887777908,0.06086710672110893,10.17533298889976,0.01213553000031235
0.33588726513569944,0.9261048016701461,0.8871797451196604,0.02000005665984704,0.06094214125094334,10.13819273268277,0.012179445836765978
0.338643006263048,0.9254985386221295,0.8853209143091252,0.020000060700948175,0.0610230616940628,10.100242547556247,0.01222464889401318
0.34139874739039666,0.9248922755741127,0.8834468952802681,0.02000006503026924,0.06111027347877319,10.06144321432267,0.012271211586812115
0.3441544885177453,0.924286012526096,0.8815576880330891,0.020000069668366687,0.06120420505346445,10.021753998440646,0.012319210657833039
0.346910229645094,0.9236797494780793,0.8796532925675882,0.02000007463726311,0.061305308789530215,9.981132680703885,0.012368727380619927
0.34966597077244266,0.9230734864300626,0.8777337088837652,0.020000079960551788,0.061414061887049246,9.939535600231205,0.012419847766957919
0.3524217118997912,0.9224672233820459,0.8757989369816206,0.020000085663508724,0.06153096728010618,9.896917710915986,0.012472662778287293
0.3551774530271399,0.9218609603340292,0.8738489768611538,0.020000091773212658,0.061656554538367145,9.853232652499758,0.012527268540755547
0.35793319415448854,0.9212546972860125,0.8718838285223652,0.020000098318673647,0.06179138076125931,9.808432837437508,0.012583766563447748
0.3606889352818372,0.9206484342379958,0.8699034919652546,0.0200001053309708,0.06193603146083239,9.762469554709671,0.012642263959281584
0.3634446764091859,0.9200421711899791,0.8679079671898222,0.020000112843399857,0.06209112142910604,9.715293091705261,0.012702873667997452
0.36620041753653443,0.9194359081419624,0.8658972541960679,0.02000012089163128,0.06225729558543153,9.666852875249235,0.012765714680615882
0.3689561586638831,0.9188296450939457,0.8638713529839915,0.020000129513879607,0.06243522979911973,9.617097632772913,0.012830912264674256
0.37171189979123176,0.918223382045929,0.8618302635535933,0.020000138751084938,0.06262563168231265,9.565975574525858,0.012898598189492988
0.3744676409185804,0.9176171189979123,0.8597739859048731,0.020000148647107294,0.06282924134780328,9.513434597599225,0.012968910950657426
0.3772233820459291,0.9170108559498956,0.857702520037831,0.020000159248934876,0.06304683212624096,9.459422512371217,0.013041995992836775
0.37997912317327764,0.9164045929018789,0.8556158659524671,0.020000170606907196,0.06327921123689759,9.403887291793566,0.01311800592999479
0.3827348643006263,0.9157983298538622,0.8535140236487812,0.020000182774954064,0.06352722040591753,9.34677734371157,0.013197100761979908
0.385490605427975,0.9151920668058455,0.8513969931267733,0.02000019581085169,0.06379173642572995,9.288041806148817,0.013279448086414224
0.38824634655532364,0.9145858037578288,0.8492647743864435,0.020000209776496986,0.06407367164907304,9.22763086519004,0.01336522330473267
0.3910020876826723,0.9139795407098121,0.8471173674277919,0.020000224738201483,0.06437397441086293,9.165496094762721,0.013454609821155357
0.39375782881002086,0.9133732776617954,0.8449547722508183,0.020000240767006187,0.06469362937094139,9.101590817250862,0.013547799233308231
0.3965135699373695,0.9127670146137787,0.8427769888555228,0.020000257939018884,0.0650336577705574,9.035870483475428,0.013644991513140334
0.3992693110647182,0.912160751565762,0.8405840172419052,0.020000276335775523,0.06539511759527886,8.968293070149114,0.01374639517672009
0.40202505219206686,0.9115544885177453,0.8383758574099659,0.020000296044627348,0.06577910363689851,8.89881949246282,0.013852227441429511
0.4047807933194155,0.9109482254697285,0.8361525093597046,0.020000317159155675,0.0661867474467905,8.827414028994493,0.013962714369013562
0.4075365344467641,0.910341962421712,0.8339139730911215,0.020000339779616218,0.06661921717309718,8.754044755655373,0.014078090992883343
0.41029227557411274,0.9097356993736951,0.8316602486042164,0.020000364013415123,0.06707771727408017,8.67868398491333,0.014198601428016908
0.4130480167014614,0.9091294363256784,0.8293913358989893,0.02000038997561895,0.06756348809995816,8.60130870606919,0.014324498961750217
0.41580375782881007,0.9085231732776617,0.8271072349754403,0.020000417789501023,0.06807780533558089,8.521901021920842,0.014456046123705048
0.41855949895615874,0.907916910229645,0.8248079458335693,0.020000447587126748,0.06862197929635243,8.440448576745569,0.014593514733059502
0.4213152400835073,0.9073106471816283,0.8224934684733767,0.020000479509980688,0.06919735406992501,8.356944970176395,0.014737185921332432
0.42407098121085596,0.9067043841336117,0.8201638028948619,0.02000051370963835,0.0698053064963348,8.271390151258087,0.014887350128825352
0.4268267223382046,0.906098121085595,0.8178189490980252,0.020000550348485874,0.0704472449794483,8.183790786757113,0.015044307072845072
0.4295824634655533,0.9054918580375783,0.8154589070828666,0.02000058960049108,0.0711246081228335,8.094160597680622,0.015208365685818811
0.43233820459290195,0.9048855949895616,0.8130836768493861,0.02000063165202948,0.07183886318346497,8.002520657945928,0.015379844021410499
0.4350939457202505,0.9042793319415449,0.8106932583975837,0.020000676702769216,0.07259150433701934,7.908899649244389,0.015559069126754227
0.4378496868475992,0.9036730688935282,0.8082876517274593,0.020000724966619112,0.07338405074891854,7.813334066371359,0.015746376878938522
0.44060542797494784,0.9030668058455115,0.805866856839013,0.020000776672744323,0.07421804444573188,7.715868367652971,0.01594211178390393
0.4433611691022965,0.9024605427974948,0.8034308737322449,0.02000083206665446,0.07509504798206054,7.616555065593455,0.016146626735957695
0.44611691022964517,0.9018542797494781,0.8009797024071548,0.020000891411369265,0.07601664189859307,7.515454753492767,0.016360282736162707
0.4488726513569937,0.9012480167014614,0.7985133428637428,0.020000954988667483,0.07698442196764521,7.412636064537714,0.016583448567925294
0.4516283924843424,0.9006417536534447,0.7960317951020088,0.020001023100424755,0.07799999622317766,7.308175560741417,0.01681650042818738
0.45438413361169105,0.900035490605428,0.7935350591219529,0.020001096070046954,0.07906498177302186,7.202157550081564,0.01705982151272406
0.4571398747390397,0.8994292275574113,0.791023134923575,0.020001174244005732,0.0801810013918384,7.0946738312491355,0.017313801554158674
0.4598956158663884,0.8988229645093946,0.7884960225068753,0.020001257993483606,0.08134967989417938,6.985823366544551,0.017578836311433057
0.46265135699373694,0.8982167014613779,0.7859537218718537,0.020001347716136333,0.08257264028792968,6.87571188462138,0.017855327009613165
0.4654070981210856,0.8976104384133612,0.7833962330185102,0.020001443837981015,0.0838514997093551,6.764451415951658,0.018143679729067864
0.46816283924843427,0.8970041753653445,0.7808235559468447,0.02000154681541883,0.08518786514198928,6.652159765041365,0.01844430474323296
0.47091858037578294,0.8963979123173278,0.7782356906568573,0.020001657137402044,0.0865833289226439,6.53895992452961,0.01875761580436326
0.4736743215031316,0.895791649269311,0.7756326371485479,0.020001775327755555,0.08803946403891984,6.424979437331219,0.01908402937688169
0.47643006263048016,0.8951853862212944,0.7730143954219167,0.02000190194766401,0.08955781922373474,6.310349713900903,0.019423963818157287
0.4791858037578288,0.8945791231732777,0.7703809654769636,0.02000203759833631,0.09113991385355465,6.195205312483309,0.019777838506781914
0.4819415448851775,0.893972860125261,0.7677323473136884,0.020002182923860124,0.09278723265822156,6.079683190845007,0.02014607291866846
0.48469728601252615,0.8933665970772442,0.7650685409320914,0.02000233861425998,0.09450122025150341,5.963921938444612,0.020529085651561283
0.4874530271398748,0.8927603340292275,0.7623895463321725,0.020002505408773477,0.09628327549274626,5.848060998274524,0.020927293398830104
0.49020876826722337,0.8921540709812108,0.7596953635139316,0.020002684099361085,0.09813474569128039,5.732239887695446,0.021341109873712506
0.49296450939457204,0.8915478079331941,0.7569859924773689,0.02000287553446633,0.10005692066651499,5.6165974274831525,0.021770944685474778
0.4957202505219207,0.8909415448851774,0.7542614332224842,0.02000308062304407,0.10205102667794078,5.501270988021295,0.022217202169275762
0.49847599164926937,0.8903352818371607,0.7515216857492775,0.020003300338876095,0.10411822024054473,5.386395761115555,0.022680280171841427
0.501231732776618,0.889729018789144,0.748766750057749,0.020003535725194452,0.10625958184241438,5.272104065289276,0.023160568795387904
0.5039874739039666,0.8891227557411273,0.7459966261478985,0.020003787899634518,0.1084761095825636,5.15852469166912,0.02365844910256513
0.5067432150313153,0.8885164926931106,0.7432113140197262,0.020004058059541283,0.11076871274824594,5.045782296704858,0.024174291785530735
0.5094989561586639,0.8879102296450939,0.7404108136732319,0.020004347487654006,0.11313820535221553,4.933996847016234,0.024708455802601312
0.5122546972860126,0.8873039665970772,0.7375951251084156,0.02000465755819632,0.115585299651556,4.823283120648861,0.02526128698626463
0.5150104384133612,0.8866977035490605,0.7347642483252774,0.020004989743400575,0.11811059967080274,4.713750267978268,0.02583311662666725
0.5177661795407098,0.8860914405010438,0.7319181833238175,0.02000534562049747,0.12071459475313273,4.605501434452779,0.026424260035016755
0.5205219206680585,0.8854851774530271,0.7290569301040355,0.020005726879204107,0.12339765316438105,4.498633446337344,0.02703501509165264
0.5232776617954071,0.8848789144050104,0.7261804886659315,0.020006135329746023,0.12616001577554734,4.393236559634573,0.027665660783841247
0.5260334029227558,0.8842726513569937,0.7232888590095057,0.02000657291145123,0.12900178985028496,4.2893942714354525,0.028316455738638197
0.5287891440501045,0.883666388308977,0.7203820411347579,0.02000704170195712,0.13192294296459417,4.187183192107868,0.02898763675642868
0.5315448851774531,0.8830601252609603,0.7174600350416882,0.020007543927073834,0.13492329708657663,4.086672975978123,0.029679417351004055
0.5343006263048018,0.8824538622129436,0.7145228407302966,0.02000808197135097,0.1380025228446345,3.9879263075089164,0.030391986302256164
0.5370563674321504,0.8818475991649269,0.7115704582005831,0.020008658389397735,0.14116013401290856,3.890998939432112,0.03112550622776703
0.539812108559499,0.8812413361169102,0.7086028874525476,0.020009275918010255,0.14439548224303908,3.795939778858251,0.03188011217973847
0.5425678496868477,0.8806350730688935,0.7056201284861903,0.02000993748916355,0.14770775207149262,3.7027910170561675,0.032655910273840794
0.5453235908141963,0.8800288100208769,0.702622181301511,0.02001064624392989,0.151095956231727,3.611588298371605,0.033452976356660606
0.548079331941545,0.87942254697286,0.6996090458985097,0.020011405547389456,0.1545589313003473,3.522360923627496,0.03427135471849076
0.5508350730688936,0.8788162839248435,0.6965807222771867,0.0200122190046041,0.15809533370614962,3.43513208331254,0.035111056858231286
0.5535908141962422,0.8782100208768266,0.6935372104375417,0.020013090477729943,0.16170363613053534,3.349919115909997,0.035972060307154954
0.5563465553235909,0.8776037578288101,0.6904785103795746,0.020014024104350003,0.1653821243272169,3.2667337868349673,0.03685430751823394
0.5591022964509396,0.8769974947807933,0.6874046221032857,0.020015024317113713,0.16912889438841583,3.1855825836252074,0.037757704827625985
0.5618580375782882,0.8763912317327766,0.6843155456086749,0.020016095864776574,0.17294185048387448,3.1064670232573626,0.038682121494774936
0.5646137787056368,0.8757849686847599,0.6812112808957422,0.02001724383473959,0.17681870309796463,3.02938396772656,0.03962738882739456
0.5673695198329854,0.8751787056367432,0.6780918279644875,0.020018473677195423,0.180756967788981,2.9543259443227616,0.040593299397375535
0.5701252609603341,0.8745724425887265,0.6749571868149109,0.02001979123099568,0.18475396449334644,2.8812814673529,0.0415796063533816
0.5728810020876828,0.8739661795407098,0.6718073574470125,0.020021202751361985,0.18880681739594932,2.8102353583847974,0.04258602283558789
0.5756367432150314,0.8733599164926931,0.6686423398607919,0.02002271493957212,0.19291245538615928,2.741169062420141,0.043612221497657325
0.57839248434238,0.8727536534446764,0.6654621340562497,0.02002433497476194,0.19706761311725302,2.674060957732325,0.044657834140657465
0.5811482254697287,0.8721473903966597,0.6622667400333855,0.020026070547993755,0.20126883268501838,2.608886657425523,0.04572245146318955
0.5839039665970773,0.871541127348643,0.6590561577921992,0.0200279298987525,0.205512465939198,2.5456193010793813,0.046805622931534605
0.586659707724426,0.8709348643006263,0.6558303873326911,0.02002992185404265,0.20979467743920283,2.4842298351353667,0.04790685677312708
0.5894154488517747,0.8703286012526096,0.652589428654861,0.02003205587027096,0.21411144806316004,2.4246872809537288,0.049025620096140914
0.5921711899791232,0.8697223382045929,0.6493332817587092,0.020034342078113346,0.21845857927688475,2.366958989721997,0.050161339137424966
0.5949269311064719,0.8691160751565762,0.6460619466442352,0.020036791330578337,0.22283169806678196,2.3110108836259466,0.05131339964045659
0.5976826722338205,0.8685098121085595,0.6427754233114394,0.020039415254494538,0.22722626253800393,2.256807682901381,0.05248114736439686
0.6004384133611692,0.8679035490605428,0.6394737117603218,0.020042226305665697,0.23163756817643075,2.2043131185698335,0.053663888724736285
0.6031941544885179,0.8672972860125261,0.636156811990882,0.02004523782795439,0.23606075477020422,2.1534901308238887,0.054860891565416056
0.6059498956158664,0.8666910229645094,0.6328247240031206,0.020048464116573596,0.24049081398365638,2.1043010531689084,0.05607138606170527
0.6087056367432151,0.8660847599164927,0.6294774477970371,0.020051920485885548,0.24492259757354123,2.0567077825486035,0.05729456575251286
0.6114613778705638,0.865478496868476,0.6261149833726316,0.020055623342028175,0.2493508262345101,2.010671935783425,0.05852958870021695
0.6142171189979124,0.8648722338204593,0.6227373307299042,0.020059590260712412,0.25377009905780135,1.96615499273434,0.059775578775513545
0.6169728601252611,0.8642659707724425,0.6193444898688549,0.020063840070557698,0.25817490358413386,1.9231184266719907,0.061031627064219045
0.6197286012526096,0.8636597077244259,0.6159364607894839,0.020068392942359237,0.26255962642884156,1.8815238223836592,0.06229679339241817
0.6224843423799583,0.8630534446764092,0.6125132434917908,0.020073270484708264,0.266918564454362,1.8413329825897076,0.06357010796582989
0.625240083507307,0.8624471816283925,0.6090748379757758,0.02007849584641641,0.2712459364623223,1.8025080232685282,0.0648505731187744
0.6279958246346556,0.8618409185803757,0.6056212442414388,0.020084093826227133,0.27553589537466394,1.765011458505961,0.06613716516767126
0.6307515657620043,0.8612346555323591,0.6021524622887799,0.020090090990331256,0.27978254087052723,1.728806275493119,0.06742883636357826
0.6335073068893529,0.8606283924843423,0.5986684921177993,0.02009651579824022,0.2839799324430029,1.6938560002966951,0.0687245169379048
0.6362630480167015,0.8600221294363257,0.5951693337284966,0.020103398737609517,0.2881221028373536,1.6601247550194373,0.07002311723509708
0.6390187891440502,0.8594158663883089,0.591654987120872,0.02011077246864675,0.2922030718299456,1.6275773069565567,0.07132352992580346
0.6417745302713989,0.8588096033402922,0.5881254522949253,0.020118671978783184,0.29621686030491057,1.5961791103374214,0.07262463229378545
0.6445302713987475,0.8582033402922755,0.5845807292506568,0.020127134748335558,0.30015750458350476,1.5658963412218414,0.07392528858964531
0.6472860125260961,0.8575970772442588,0.5810208179880666,0.020136200927935895,0.3040190709592513,1.5366959260973663,0.07522435244429652
0.6500417536534447,0.8569908141962421,0.5774457185071542,0.02014591352856163,0.3077956703902722,1.508545564698965,0.07652066933500896
0.6527974947807934,0.8563845511482254,0.57385543080792,0.020156318625056752,0.31148147329872505,1.4814137475459017,0.07781307909681484
0.6555532359081421,0.8557782881002087,0.5702499548903639,0.020167465574096915,0.31507072442600004,1.45526976866296,0.07910041847206911
0.6583089770354907,0.855172025052192,0.5666292907544856,0.02017940724761818,0.31855775769128275,1.430083733925048,0.08038152369100965
0.6610647181628393,0.8545657620041753,0.5629934384002859,0.02019220028280016,0.3219370110002833,1.405826565435774,0.08165523307626738
0.663820459290188,0.8539594989561586,0.5593423978277638,0.02020590534977033,0.32520304095036495,1.3824700023223293,0.08292038966442553
0.6665762004175366,0.8533532359081419,0.5556761690369201,0.020220587438277524,0.32835053737798436,1.3599865983011263,0.08417584383792023
0.6693319415448853,0.8527469728601252,0.5519947520277543,0.020236316164669147,0.3313743376942978,1.3383497163412472,0.08542045596081593
0.672087682672234,0.8521407098121085,0.5482981468002666,0.02025316610059932,0.3342694409549746,1.3175335207262249,0.08665309901226445
0.6748434237995825,0.8515344467640918,0.544586353354457,0.020271217124993666,0.33703102161071546,1.297512966788892,0.08787266121177693
0.6775991649269312,0.8509281837160751,0.5408593716903256,0.020290554800901868,0.3396544428856893,1.278263788569243,0.08907804863079168
0.6803549060542798,0.8503219206680585,0.537117201807872,0.020311270778981292,0.3421352697320699,1.2597624846214772,0.09026818778540824
0.6831106471816285,0.8497156576200418,0.5333598437070967,0.020333463229474723,0.34446928131009297,1.241986302173608,0.09144202820557959
0.6858663883089772,0.8491093945720251,0.5295872973879994,0.02035723730467271,0.3466524829445317,1.2249132198213257,0.09259854497650225
0.6886221294363257,0.8485031315240084,0.5257995628505803,0.02038270563398686,0.3486811175102261,1.208521928917145,0.09373674124841974
0.6913778705636744,0.8478968684759917,0.521996640094839,0.02040998885390508,0.35055167620127337,1.192791813796197,0.09485565071155606
0.6941336116910231,0.847290605427975,0.518178529120776,0.020439216175253582,0.35226090864069115,1.1777029309614162,0.09595434003341648
0.6968893528183717,0.8466843423799582,0.514345229928391,0.02047052599035421,0.3538058322897994,1.1632359873331088,0.09703191125623928
0.6996450939457204,0.8460780793319416,0.5104967425176841,0.020504066522839638,0.35518374111919915,1.1493723176511506,0.09808750415294078
0.7024008350730689,0.8454718162839249,0.5066330668886554,0.020539996523073752,0.3563922135060709,1.1360938611020412,0.09912029854047925
0.7051565762004176,0.8448655532359082,0.5027542030413046,0.020578486012321012,0.35742911932553495,1.1233831372279017,0.10012951655015852
0.7079123173277663,0.8442592901878914,0.49886015097563197,0.02061971707901646,0.35829262620700797,1.1112232211600412,0.10111442485500563
0.7106680584551149,0.8436530271398748,0.4949509106916373,0.020663884730709067,0.3589812049298378,1.0995977182059142,0.10207433685498787
0.7134237995824636,0.843046764091858,0.49102648218932077,0.02071119780548474,0.3594936339359766,1.0884907378051198,0.10300861482147904
0.7161795407098122,0.8424405010438414,0.4870868654686825,0.020761879946922634,0.3598290029410532,1.0778868668574353,0.10391667200304952
0.7189352818371608,0.8418342379958246,0.48313206052972213,0.020816170646900126,0.35998671562890305,1.0677711424137033,0.10479797469533743
0.7216910229645095,0.8412279749478079,0.4791620673724398,0.020874326360837636,0.3599664914183914,1.0581290237086824,0.10565204427845927
0.7244467640918582,0.8406217118997912,0.4751768859968356,0.02093662170026603,0.3597683662952025,1.0489463635035818,0.10647845922614727
0.7272025052192068,0.8400154488517745,0.4711765164029095,0.02100335070790574,0.3593926927051427,1.0402093786950333,0.10727685709154927
0.7299582463465554,0.8394091858037578,0.46716095859066153,0.021074828220769507,0.3588401385094011,1.0319046201365232,0.10804693647541064
0.732713987473904,0.8388029227557411,0.46313021256009157,0.02115139132713917,0.35811168500610174,1.0240189416079266,0.10878845898317058
0.7354697286012527,0.8381966597077244,0.4590842783111997,0.021233400923621835,0.35720862402635156,1.0165394678586424,0.10950125117835947
0.7382254697286014,0.8375903966597077,0.4550231558439859,0.021321243378862053,0.3561325541168123,1.0094535616400009,0.11018520654057991
0.74098121085595,0.836984133611691,0.45094684515845007,0.021415332310873718,0.35488537582458674,1.0027487896330893,0.11084028743730107
0.7437369519832986,0.8363778705636743,0.44685534625459256,0.0215161104853588,0.3534692861038855,0.9964128871689766,0.11146652711969839
0.7464926931106473,0.8357716075156576,0.442748659132413,0.021624051842798316,0.3518867718675156,0.9904337216295791,0.11206403175383903
0.7492484342379959,0.8351653444676409,0.43862678379191156,0.021739663662533725,0.35014060270968356,0.9847992544092271,0.1126329824996508
0.7520041753653446,0.8345590814196242,0.4344897202330881,0.0218634888725033,0.3482338228299162,0.97949750130945,0.11317363765133445
0.7547599164926933,0.8339528183716075,0.4303374684559427,0.021996108513755743,0.3461697421910604,0.974516491232845,0.11368633485418883
0.7575156576200418,0.8333465553235908,0.4261700284604756,0.02213814436933108,0.34395192694730115,0.9698442230363206,0.11417149341423087
0.7602713987473905,0.8327402922755741,0.42198740024668635,0.02229026176757384,0.34158418918093564,0.9654686203998087,0.11462961671851692
0.7630271398747391,0.8321340292275574,0.4177895838145753,0.022453172570422467,0.3390705759892315,0.9613774845641171,0.11506129478571922
0.7657828810020878,0.8315277661795407,0.41357657916414226,0.02262763835769852,0.336415357965076,0.9575584447913323,0.11546720696829839
0.7685386221294365,0.830921503131524,0.4093483862953873,0.022814473818893944,0.3336230171172792,0.9539989064036962,0.11584812482954691
0.771294363256785,0.8303152400835073,0.4051050052083105,0.023014550364419836,0.3306982342783127,0.9506859962627354,0.11620491522088092
0.7740501043841337,0.8297089770354906,0.4008464359029117,0.0232287999687284,0.32764587604894047,0.947606505560487,0.11653854358703676
0.7768058455114824,0.8291027139874738,0.39657267837919097,0.023458219258143183,0.32447098133063085,0.9447468298097587,0.11685007752930637
0.779561586638831,0.8284964509394572,0.39228373263714833,0.023703873856622294,0.3211787474978046,0.9420929059416511,0.11714069065963317
0.7823173277661797,0.8278901878914404,0.3879795986767838,0.02396690300302335,0.3177745162628965,0.9396301464472386,0.11741166678130958
0.7850730688935282,0.8272839248434238,0.3836602764980974,0.024248524453724822,0.3142637592878557,0.9373433705378716,0.1176644044351796
0.7878288100208769,0.826677661795407,0.37932576610108903,0.02455003968467142,0.31065206359611014,0.9352167323466152,0.11790042185368371
0.7905845511482256,0.8260713987473904,0.37497606748575874,0.024872839407032714,0.30694511683915127,0.9332336462538634,0.11812136236879141
0.7933402922755742,0.8254651356993736,0.3706111806521064,0.025218409410675623,0.30314869247177384,0.9313767094951869,0.11832900032388449
0.7960960334029229,0.8248588726513569,0.3662311056001323,0.02558833674952761,0.29926863488963173,0.9296276223014308,0.11852524754398366
0.7988517745302715,0.8242526096033402,0.36183584232983634,0.02598431628262355,0.2953108445821476,0.9279671059324951,0.11871216042337952
0.8016075156576201,0.8236463465553235,0.35742539084121827,0.026408157584153415,0.29128126335295007,0.9263748190999215,0.11889194769474515
0.8043632567849688,0.8230400835073068,0.3529997511342784,0.026861792235125793,0.2871858596589203,0.9248292734322403,0.11906697894919001
0.8071189979123174,0.8224338204592901,0.3485589232090165,0.027347281508295164,0.2830306141176077,0.9233077488240082,0.11923979398246842
0.8098747390396661,0.8218275574112734,0.3441029070654327,0.027866824456722582,0.27882150523124816,0.9217862097274927,0.11941311304869114
0.8126304801670147,0.8212212943632567,0.33963170270352716,0.02842276641470129,0.27456449537388405,0.9202392236976935,0.11958984810940541
0.8153862212943633,0.82061503131524,0.3351453101232995,0.02901760791772355,0.27026551708616997,0.9186398837890764,0.11977311517280322
0.818141962421712,0.8200087682672234,0.33064372932474995,0.029654014045629295,0.26593045972035245,0.9169597367275184,0.11996624782507176
0.8208977035490607,0.8194025052192067,0.32612696030787847,0.03033482418999222,0.26156515647565937,0.9151687191438058,0.12017281206349992
0.8236534446764093,0.81879624217119,0.32159500307268507,0.031063062243084794,0.25717537186193723,0.9132351045543828,0.12039662254885015
0.8264091858037579,0.8181899791231733,0.31704785761917,0.031841947201336734,0.2527667896268463,0.9111254642073817,0.12064176040265825
0.8291649269311065,0.8175837160751566,0.31248552394733276,0.032674904170966655,0.24834500117927955,0.9088046453709754,0.12091259268345077
0.8319206680584552,0.8169774530271399,0.3079080020571736,0.033565575757321095,0.24391549453893896,0.9062357711167538,0.1212137936842843
0.8346764091858039,0.8163711899791232,0.30331529194869244,0.0345178338122908,0.23948364383917436,0.9033802661285858,0.12155036820238863
0.8374321503131525,0.8157649269311065,0.29870739362188947,0.03553579150586853,0.23505469940731302,0.9001979135273567,0.12192767693987748
0.8401878914405011,0.8151586638830898,0.2940843070767647,0.03662381567834326,0.23063377844377544,0.8966469481176677,0.12235146420229231
0.8429436325678498,0.8145524008350731,0.2894460323133179,0.03778653941865864,0.2262258563183071,0.8926841918006974,0.12282788806891473
0.8456993736951984,0.8139461377870564,0.28479256933154906,0.039028874801959705,0.22183575849868725,0.8882652371166808,0.12336355321504613
0.8484551148225471,0.8133398747390397,0.2801239181314584,0.04035602570517613,0.2174681531242901,0.8833446849319603,0.12396554657144307
0.8512108559498958,0.8127336116910229,0.27544007871304577,0.04177350060349685,0.21312754423392619,0.87787644211276,0.12464147600940999
0.8539665970772443,0.8121273486430063,0.2707410510763114,0.04328712523264802,0.20881826565445874,0.8718140845682694,0.12539951224118068
0.856722338204593,0.8115210855949895,0.26602683522125503,0.04490305498186699,0.20454447555381414,0.8651112902328806,0.1262484341236016
0.8594780793319416,0.8109148225469729,0.2612974311478766,0.04662778686025361,0.20031015165918883,0.8577223453254489,0.12719767754808065
0.8622338204592903,0.8103085594989561,0.2565528388561763,0.048468170854695236,0.19611908713850534,0.8496027255113254,0.1282573880905358
0.864989561586639,0.8097022964509394,0.25179305834615406,0.05043142047073757,0.19197488714051944,0.840709751352556,0.12943847758079197
0.8677453027139875,0.8090960334029227,0.24701808961781013,0.05252512221860442,0.1878809659864144,0.8310033146361208,0.13075268473057355
0.8705010438413362,0.8084897703549061,0.24222793267114406,0.05475724377509443,0.18384054500326946,0.8204466688238891,0.1322126399318713
0.8732567849686849,0.8078835073068893,0.23742258750615608,0.057136140518417186,0.17985665098745682,0.8090072730178224,0.13383193430188076
0.8760125260960335,0.8072772442588726,0.23260205412284618,0.059670560097385056,0.17593211528381109,0.7966576745790499,0.13562519300573442
0.8787682672233822,0.8066709812108559,0.22776633252121437,0.06236964465905674,0.17206957346434706,0.7833764110401973,0.1376081528326571
0.8815240083507307,0.8060647181628392,0.22291542270126075,0.06524293032039158,0.1682714655883682,0.7691489074329959,0.1397977439337944
0.8842797494780794,0.8054584551148225,0.2180493246629851,0.06830034343031746,0.16454003702402342,0.753968340909033,0.14221217554971827
0.8870354906054281,0.8048521920668058,0.21316803840638754,0.07155219312962731,0.16087733980974073,0.7378364409079107,0.1448710254616391
0.8897912317327767,0.8042459290187891,0.20827156393146795,0.07500915967830096,0.15728523453248205,0.7207641905094093,0.14779533279212456
0.8925469728601254,0.8036396659707724,0.20335990123822656,0.07868227798442048,0.15376539269844963,0.7027723933894302,0.15100769365860336
0.895302713987474,0.8030334029227557,0.19843305032666336,0.0825829157373081,0.1503192995707089,0.6838920713501052,0.1545323590468195
0.8980584551148226,0.802427139874739,0.19349101119677814,0.0867227455216323,0.1469482574471923,0.6641646600062173,0.15839533412331872
0.9008141962421713,0.8018208768267223,0.1885337838485709,0.09111371027105912,0.14365338935170835,0.6436419750562064,0.16262447804891147
0.90356993736952,0.8012146137787056,0.18356136828204173,0.09576798141194845,0.14043564310989015,0.6223859286559305,0.167249603193353
0.9063256784968686,0.8006083507306889,0.17857376449719076,0.10069790905224771,0.13729579578149553,0.6004679845596851,0.17230257249169637
0.9090814196242172,0.8000020876826722,0.17357097249401798,0.10591596359105539,0.1342344584200902,0.5779683514973566,0.17781739353378279
0.9118371607515658,0.7993958246346555,0.16855299227252307,0.11143466816345389,0.13125208113092035,0.554974926119061,0.18383030785184126
0.9145929018789145,0.7987895615866388,0.16351982383270625,0.11726652139643105,0.12834895839769922,0.5315820089946652,0.19037987378209692
0.9173486430062632,0.7981832985386221,0.1584714671745675,0.12342391003838782,0.12552523464908688,0.5078888287385181,0.1975070412431699
0.9201043841336118,0.7975770354906054,0.15340792229810685,0.12991901114008406,0.12278091003583468,0.48399791945406867,0.20525521681922207
0.9228601252609604,0.7969707724425887,0.1483291892033245,0.13676368361192556,0.12011584638988365,0.4600134045475302,0.2136703176855911
0.9256158663883091,0.796364509394572,0.14323526789022,0.14396934916372542,0.1175297733371424,0.4360392448985251,0.22280081319909928
0.9283716075156577,0.7957582463465553,0.1381261583587936,0.1515468628502555,0.11502229453622419,0.4121775109930766,0.23269775342775115
0.9311273486430064,0.7951519832985385,0.13300186060904517,0.15950637369980564,0.112592894016076,0.38852673680248695,0.24341478455108675
0.9338830897703551,0.794545720250522,0.12786237464097494,0.16785717619295826,0.11024094258619085,0.3651804081130611,0.255008151960183
0.9366388308977036,0.7939394572025051,0.12270770045458301,0.17660755368265177,0.10796570429393682,0.3422256301345004,0.26753669306201416
0.9393945720250523,0.7933331941544886,0.11753783804986884,0.18576461520007181,0.10576634290446119,0.3197420092166341,0.2810618232808145
0.9421503131524009,0.7927269311064717,0.11235278742683286,0.19533412746746845,0.10364192837962968,0.2978007722011196,0.2956475205786509
0.9449060542797496,0.792120668058455,0.10715254858547485,0.20532034432965174,0.10159144333351966,0.27646413519083973,0.3113603160107442
0.9476617954070983,0.7915144050104383,0.10193712152579504,0.21572583620898747,0.09961378944310864,0.2557849221579884,0.32826930040086316
0.9504175365344468,0.7909081419624218,0.09670650624779342,0.2265513225699869,0.09770779379396467,0.2358064235392031,0.34644616017047775
0.9531732776617955,0.790301878914405,0.09146070275146967,0.23779551073234295,0.09587221514195117,0.2165624763208578,0.3659652586737227
0.9559290187891442,0.7896956158663883,0.08619971103682411,0.24945494467679027,0.09410575007319742,0.19807774044177903,0.3869037830618538
0.9586847599164928,0.7890893528183716,0.08092353110385653,0.2615238677263548,0.09240703904584455,0.18036814177810612,0.4093419807061291
0.9614405010438415,0.7884830897703549,0.07563216295256703,0.2739941031356944,0.09077467229835548,0.16344144949074713,0.43336351353348007
0.96419624217119,0.7878768267223382,0.07032560658295584,0.28685495666325406,0.0892071956104606,0.14729795492978043,0.459055963281967
0.9669519832985387,0.7872705636743215,0.0650038619950225,0.30009314511662266,0.08770311590409688,0.13193122031948543,0.48651152570935774
0.9697077244258874,0.7866643006263048,0.05966692918876726,0.3136927546358386,0.08626090667297946,0.11732886775048804,0.5158279373000878
0.972463465553236,0.7860580375782881,0.0543148081641901,0.3276352321023838,0.08487901323071113,0.10347338222052413,0.5471096842228611
0.9752192066805847,0.7854517745302714,0.04894749892129102,0.34189941252924,0.08355585776858755,0.09034290624491614,0.5804695505401679
0.9779749478079333,0.7848455114822547,0.04356500146007025,0.3564615846032611,0.08228984421548165,0.07791200759147152,0.6160305714961237
0.9807306889352819,0.784239248434238,0.03816731578052723,0.37129559572700804,0.08107936289338885,0.06615240572370452,0.6539284688923951
0.9834864300626306,0.7836329853862213,0.03275444188266241,0.3863729969636239,0.07992279496338076,0.05503364636100196,0.6943146602127418
0.9862421711899793,0.7830267223382046,0.027326379766475672,0.40166322725434006,0.07881851665784008,0.04452371704286492,0.737359952816473
0.9889979123173279,0.7824204592901879,0.021883129431966908,0.41713383519037756,0.07776490329593702,0.034589599628524204,0.7832590613107733
0.9917536534446765,0.7818141962421712,0.01642469087913656,0.4327507355221758,0.07676033308034709,0.025197758230431612,0.8322361230467001
0.9945093945720251,0.7812079331941545,0.010951064107983965,0.4484784965257232,0.07580319067420278,0.01631456316439429,0.884551437593766
0.9972651356993738,0.7806016701461378,0.005462249118509566,0.4642806533663298,0.07489187055821571,0.007906653121566099,0.9405097266700855
1.0000208768267225,0.9998329993323845,0.0,0.4801200417509293,0.07402478016879317,0.0,1.0
1.0027766179540711,0.978031947199606,0.0,0.49595914548257525,0.07320034281881181,0.0,1.0
1.0055323590814196,0.9567062603272412,0.0,0.5117604510594966,0.07241700040348924,0.0,1.0
1.0082881002087682,0.9358455735214679,0.0,0.5274868022200786,0.07167321589452018,0.0,1.0
1.011043841336117,0.915439747598344,0.0,0.5431017473369663,0.07096747562631144,0.0,1.0
1.0137995824634656,0.8954788644557239,0.0,0.5585698728081491,0.07029829137875876,0.0,1.0
1.0165553235908142,0.8759532222526398,0.0,0.5738571160674807,0.06966420226156533,0.0,1.0
1.019311064718163,0.856853330693793,0.0,0.5889310525174005,0.06906377640559751,0.0,1.0
1.0220668058455116,0.8381699064168652,0.0,0.6037611515381873,0.06849561246721676,0.0,1.0
1.0248225469728602,0.8198938684804082,0.0,0.6183189977091194,0.06795834095191502,0.0,1.0
1.027578288100209,0.8020163339501196,0.0,0.6325784744409746,0.0674506253639154,0.0,1.0
1.0303340292275576,0.7845286135813565,0.0,0.6465159083183238,0.06697116318868472,0.0,1.0
1.0330897703549062,0.7674222075957928,0.0,0.6601101735373626,0.06651868671553789,0.0,1.0
1.035845511482255,0.7506888015501638,0.0,0.6733427568579251,0.0660919637077008,0.0,1.0
1.0386012526096036,0.7343202622950923,0.0,0.686197784430263,0.06568979792733935,0.0,1.0
1.041356993736952,0.7183086340220315,0.0,0.6986620126792907,0.06531102952315859,0.0,1.0
1.0441127348643007,0.7026461343963982,0.0,0.7107247861109002,0.06495453528823292,0.0,1.0
1.0468684759916493,0.6873251507750338,0.0,0.7223779654349324,0.06461922879574518,0.0,1.0
1.049624217118998,0.672338236506129,0.0,0.7336158297741089,0.06430406042029278,0.0,1.0
1.0523799582463467,0.6576781073098354,0.0,0.744434956951591,0.06400801725236697,0.0,1.0
1.0551356993736953,0.6433376377377942,0.0,0.7548340859321617,0.06373012291352659,0.0,1.0
1.057891440501044,0.6293098577098641,0.0,0.7648139654482137,0.06346943727967465,0.0,1.0
1.0606471816283927,0.6155879491263656,0.0,0.7743771926901034,0.06322505611970718,0.0,1.0
1.0634029227557413,0.6021652425541927,0.0,0.7835280457010709,0.06299611065664053,0.0,1.0
1.06615866388309,0.5890352139851848,0.0,0.7922723128105374,0.06278176705813963,0.0,1.0
1.0689144050104384,0.5761914816651803,0.0,0.8006171220862591,0.06258122586316615,0.0,1.0
1.071670146137787,0.5636278029922087,0.0,0.808570773404267,0.06239372135124664,0.0,1.0
1.0744258872651358,0.5513380714823252,0.0,0.8161425753423529,0.06221852086062734,0.0,1.0
1.0771816283924844,0.5393163138015948,0.0,0.8233426887123859,0.062054924061335934,0.0,1.0
1.079937369519833,0.5275566868627987,0.0,0.8301819781704358,0.06190226218891656,0.0,1.0
1.0826931106471818,0.5160534749854437,0.0,0.8366718729906412,0.0617598972443402,0.0,1.0
1.0854488517745304,0.5048010871176983,0.0,0.8428242377653767,0.06162722116532412,0.0,1.0
1.088204592901879,0.49379405411890287,0.0,0.8486512535048139,0.06150365497402107,0.0,1.0
1.0909603340292278,0.48302702610133347,0.0,0.8541653093556276,0.06138864790576316,0.0,1.0
1.0937160751565764,0.47249476982992855,0.0,0.8593789049419743,0.06128167652326953,0.0,1.0
1.0964718162839249,0.46219216617871395,0.0,0.8643045631511613,0.06118224382045129,0.0,1.0
1.0992275574112735,0.4521142076426863,0.0,0.8689547530398912,0.061089878319673725,0.0,1.0
1.1019832985386222,0.44225599590395637,0.0,0.8733418224220449,0.06100413316606602,0.0,1.0
1.1047390396659709,0.43261273945095474,0.0,0.877477939612731,0.060924585222202426,0.0,1.0
1.1074947807933195,0.4231797512495531,0.0,0.8813750437424385,0.06085083416621943,0.0,1.0
1.1102505219206682,0.41395244646496604,0.0,0.8850448030163304,0.06078250159617878,0.0,1.0
1.1130062630480169,0.40492634023332547,0.0,0.8884985802736525,0.06071923014324044,0.0,1.0
1.1157620041753655,0.3960970454818455,0.0,0.8917474051977866,0.06066068259596974,0.0,1.0
1.1185177453027142,0.38746027079651774,0.0,0.8948019525357369,0.06060654103787364,0.0,1.0
1.1212734864300629,0.3790118183363012,0.0,0.8976725257041315,0.06055650600003892,0.0,1.0
1.1240292275574113,0.3707475817927929,0.0,0.9003690451848102,0.06051029563053335,0.0,1.0
1.12678496868476,0.3626635443943841,0.0,0.9029010411446801,0.060467644882028736,0.0,1.0
1.1295407098121086,0.354755776953942,0.0,0.9052776497499887,0.060428304718912085,0.0,1.0
1.1322964509394573,0.3470204359590544,0.0,0.9075076126830228,0.060392041344969095,0.0,1.0
1.135052192066806,0.3394537617039193,0.0,0.9095992794082235,0.060358635452551976,0.0,1.0
1.1378079331941546,0.3320520764619675,0.0,0.9115606117738685,0.060327881493981945,0.0,1.0
1.1405636743215033,0.32481178269833055,0.0,0.9133991905739949,0.060299586975784886,0.0,1.0
1.143319415448852,0.3177293613212852,0.0,0.9151222237325307,0.06027357177621748,0.0,1.0
1.1460751565762006,0.31080136997182484,0.0,0.916736555807225,0.06024966748640921,0.0,1.0
1.1488308977035493,0.304024441350526,0.0,0.9182486785445944,0.06022771677532428,0.0,1.0
1.1515866388308977,0.29739528158089756,0.0,0.9196647422485529,0.06020757277863503,0.0,1.0
1.1543423799582464,0.29091066860841447,0.0,0.9209905677545209,0.06018909851149589,0.0,1.0
1.157098121085595,0.2845674506344645,0.0,0.9222316588275914,0.06017216630511273,0.0,1.0
1.1598538622129437,0.2783625445844378,0.0,0.9233932148277981,0.06015665726691792,0.0,1.0
1.1626096033402924,0.2722929346092216,0.0,0.9244801435076895,0.06014246076408406,0.0,1.0
1.165365344467641,0.2663556706193686,0.0,0.9254970738274116,0.06012947393004136,0.0,1.0
1.1681210855949897,0.2605478668512279,0.0,0.9264483686904117,0.06011760119360204,0.0,1.0
1.1708768267223384,0.2548667004643406,0.0,0.9273381375188341,0.06010675383024183,0.0,1.0
1.173632567849687,0.2493094101694189,0.0,0.9281702486018406,0.06009684953504168,0.0,1.0
1.1763883089770357,0.2438732948862416,0.0,0.9289483411625553,0.06008781201675235,0.0,1.0
1.1791440501043842,0.23855571243081447,0.0,0.9296758371002861,0.06007957061241073,0.0,1.0
1.1818997912317328,0.23335407823115412,0.0,0.930355952374222,0.06007205992190792,0.0,1.0
1.1846555323590815,0.22826586407107857,0.0,0.9309917080030921,0.06006521946188625,0.0,1.0
1.1874112734864302,0.22328859686138433,0.0,0.9315859406624215,0.06005899333832416,0.0,1.0
1.1901670146137788,0.21841985743782016,0.0,0.9321413128671496,0.06005332993715444,0.0,1.0
1.1929227557411275,0.21365727938526985,0.0,0.9326603227325977,0.06004818163225196,0.0,1.0
1.1956784968684762,0.2089985478875736,0.0,0.9331453133111896,0.06004350451012155,0.0,1.0
1.1984342379958248,0.20444139860242858,0.0,0.9335984815060315,0.06003925811061499,0.0,1.0
1.2011899791231735,0.19998361656082184,0.0,0.9340218865655338,0.06003540518300715,0.0,1.0
1.2039457202505222,0.19562303509046103,0.0,0.9344174581657865,0.06003191145676578,0.0,1.0
1.2067014613778706,0.19135753476267942,0.0,0.9347870040894466,0.06002874542635603,0.0,1.0
1.2094572025052193,0.1871850423623018,0.0,0.9351322175115306,0.06002587814943013,0.0,1.0
1.212212943632568,0.18310352987997547,0.0,0.9354546839037745,0.060023283057763624,0.0,1.0
1.2149686847599166,0.17911101352646985,0.0,0.9357558875701906,0.060020935780312465,0.0,1.0
1.2177244258872653,0.17520555276847058,0.0,0.9360372178271468,0.060018813977779986,0.0,1.0
1.220480167014614,0.1713852493853974,0.0,0.936299974841767,0.06001689718809824,0.0,1.0
1.2232359081419626,0.16764824654678817,0.0,0.9365453751427318,0.06001516668224514,0.0,1.0
1.2259916492693113,0.1639927279097999,0.0,0.9367745568176812,0.060013605329836836,0.0,1.0
1.22874739039666,0.16041691673638855,0.0,0.9369885844114081,0.06001219747395284,0.0,1.0
1.2315031315240086,0.15691907502973873,0.0,0.9371884535389061,0.06001092881467087,0.0,1.0
1.234258872651357,0.1534975026895232,0.0,0.9373750952271259,0.06000978630080757,0.0,1.0
1.2370146137787057,0.15015053668558045,0.0,0.9375493799989985,0.06000875802938105,0.0,1.0
1.2397703549060544,0.14687655024961288,0.0,0.9377121217129498,0.06000783315233109,0.0,1.0
1.242526096033403,0.14367395208450673,0.0,0.9378640811707326,0.06000700179005266,0.0,1.0
1.2452818371607517,0.14054118559089415,0.0,0.9380059695059819,0.060006254951318165,0.0,1.0
1.2480375782881004,0.13747672811057948,0.0,0.9381384513654504,0.06000558445918356,0.0,1.0
1.250793319415449,0.1344790901864623,0.0,0.9382621478944126,0.06000498288249271,0.0,1.0
1.2535490605427977,0.13154681483859793,0.0,0.9383776395372595,0.060004443472613474,0.0,1.0
1.2563048016701464,0.12867847685604264,0.0,0.9384854686638138,0.060003960105057694,0.0,1.0
1.259060542797495,0.12587268210414077,0.0,0.9385861420314288,0.060003527225655294,0.0,1.0
1.2618162839248435,0.12312806684691566,0.0,0.9386801330924508,0.06000313980097067,0.0,1.0
1.2645720250521921,0.12044329708423505,0.0,0.9387678841561611,0.06000279327266656,0.0,1.0
1.2673277661795408,0.11781706790343141,0.0,0.9388498084138561,0.0600024835155374,0.0,1.0
1.2700835073068895,0.11524810284505778,0.0,0.9389262918352757,0.06000220679895006,0.0,1.0
1.2728392484342381,0.11273515328247422,0.0,0.9389976949441596,0.06000195975144556,0.0,1.0
1.2755949895615868,0.11027699781496204,0.0,0.9390643544802927,0.060001739328270055,0.0,1.0
1.2783507306889355,0.10787244167407091,0.0,0.939126584954997,0.06000154278161789,0.0,1.0
1.2811064718162841,0.10552031614291037,0.0,0.9391846801066402,0.060001367633382784,0.0,1.0
1.2838622129436328,0.10321947798810358,0.0,0.9392389142623625,0.06000121165022674,0.0,1.0
1.2866179540709815,0.10096880890412714,0.0,0.9392895436118643,0.06000107282078826,0.0,1.0
1.28937369519833,0.09876721496976704,0.0,0.9393368073987657,0.06000094933486355,0.0,1.0
1.2921294363256786,0.09661362611642553,0.0,0.9393809290347167,0.060000839564405425,0.0,1.0
1.2948851774530272,0.09450699560802325,0.0,0.9394221171411411,0.060000742046195425,0.0,1.0
1.297640918580376,0.09244629953224005,0.0,0.9394605665231986,0.06000065546605455,0.0,1.0
1.3003966597077246,0.09043053630285017,0.0,0.9394964590802777,0.06000057864446771,0.0,1.0
1.3031524008350732,0.08845872617290851,0.0,0.9395299646570661,0.060000510523505725,0.0,1.0
1.3059081419624219,0.08652991075855185,0.0,0.9395612418390067,0.06000045015493738,0.0,1.0
1.3086638830897706,0.0846431525731834,0.0,0.9395904386957035,0.060000396689431745,0.0,1.0
1.3114196242171192,0.08279753457181431,0.0,0.9396176934756278,0.060000349366758694,0.0,1.0
1.3141753653444679,0.08099215970534067,0.0,0.939643135255266,0.06000030750690224,0.0,1.0
1.3169311064718163,0.07922615048453946,0.0,0.9396668845456512,0.0600002705020081,0.0,1.0
1.319686847599165,0.07749864855357089,0.0,0.9396890538590427,0.06000023780909281,0.0,1.0
1.3224425887265137,0.07580881427278156,0.0,0.9397097482383335,0.060000208943447625,0.0,1.0
1.3251983298538623,0.07415582631060329,0.0,0.9397290657516143,0.06000018347267551,0.0,1.0
1.327954070981211,0.07253888124435098,0.0,0.939747097954157,0.06000016101130479,0.0,1.0
1.3307098121085597,0.07095719316972504,0.0,0.9397639303199476,0.060000141215927304,0.0,1.0
1.3334655532359083,0.0694099933188282,0.0,0.9397796426447517,0.06000012378081348,0.0,1.0
1.336221294363257,0.06789652968651161,0.0,0.9397943094225776,0.060000108433960475,0.0,1.0
1.3389770354906056,0.06641606666486824,0.0,0.9398080001972772,0.06000009493353345,0.0,1.0
1.3417327766179543,0.064967884685696,0.0,0.9398207798909128,0.06000008306466322,0.0,1.0
1.3444885177453028,0.06355127987075707,0.0,0.9398327091104178,0.06000007263656682,0.0,1.0
1.3472442588726514,0.06216556368966253,0.0,0.9398438444339713,0.06000006347996037,0.0,1.0
1.35,0.060810062625217924,0.0,0.9398542386784258,0.060000055444736314,0.0,1.0
